"GherS, 1",##,ādīśvarāya praṇamāmi tasmai yenopadiṣṭā haṭhayogavidyā |,##,1,##,1,$$$
"GherS, 1",##,virājate pronnatarājayogam āroḍhum icchor adhirohiṇīva ||,##,1,##,2,$$$
"GherS, 1",##,ekadā caṇḍakāpālir gatvā gheraṇḍakuṭṭiram |,##,2,##,1,$$$
"GherS, 1",##,praṇamya vinayād bhaktyā gheraṇḍaṃ paripṛcchati ||,##,2,##,2,$$$
"GherS, 1",##,caṇḍakāpālir uvāca |,##,3,##,1,$$$
"GherS, 1",##,ghaṭasthayogaṃ yogeśa tattvajñānasya kāraṇam |,##,3,##,2,$$$
"GherS, 1",##,idānīṃ śrotum icchāmi yogeśvara vada prabho ||,##,3,##,3,$$$
"GherS, 1",##,gheraṇḍa uvāca |,##,4,##,1,$$$
"GherS, 1",##,sādhu sādhu mahābāho yan māṃ tvaṃ paripṛcchasi |,##,4,##,2,$$$
"GherS, 1",##,kathayāmi hi te tattvaṃ sāvadhāno 'vadhāraya ||,##,4,##,3,$$$
"GherS, 1",##,nāsti māyāsamaḥ pāśo nāsti yogāt paraṃ balam |,##,5,##,1,$$$
"GherS, 1",##,na hi jñānāt paro bandhur nāhaṃkārāt paro ripuḥ ||,##,5,##,2,$$$
"GherS, 1",##,abhyāsāt kādivarṇāder yathā śāstrāṇi bodhayet |,##,6,##,1,$$$
"GherS, 1",##,tathā yogaṃ samāsādya tattvajñānaṃ ca labhyate ||,##,6,##,2,$$$
"GherS, 1",##,sukṛtair duṣkṛtaiḥ kāryair jāyate prāṇināṃ ghaṭaḥ |,##,7,##,1,$$$
"GherS, 1",##,ghaṭād utpadyate karma ghaṭayantraṃ yathā bhramet ||,##,7,##,2,$$$
"GherS, 1",##,ūrdhvādho bhramate yadvad ghaṭayantraṃ gavāṃ vaśāt |,##,8,##,1,$$$
"GherS, 1",##,tadvat karmavaśāj jīvo bhramate janmamṛtyunā ||,##,8,##,2,$$$
"GherS, 1",##,āmakumbha ivāmbhaḥstho jīryamāṇaḥ sadā ghaṭaḥ |,##,9,##,1,$$$
"GherS, 1",##,yogānalena saṃdahya ghaṭaśuddhiṃ samācaret ||,##,9,##,2,$$$
"GherS, 1",##,śodhanaṃ dṛḍhatā caiva sthairyaṃ dhairyaṃ ca lāghavam |,##,10,##,1,$$$
"GherS, 1",##,pratyakṣaṃ ca nirliptaṃ ca ghaṭasthaṃ saptasādhanam ||,##,10,##,2,$$$
"GherS, 1",##,ṣaṭkarmaṇā śodhanaṃ ca āsanena bhaved dṛḍham |,##,11,##,1,$$$
"GherS, 1",##,mudrayā sthiratā caiva pratyāhāreṇa dhairyatā ||,##,11,##,2,$$$
"GherS, 1",##,prāṇāyāmāl lāghavaṃ ca dhyānāt pratyakṣam ātmani |,##,12,##,1,$$$
"GherS, 1",##,samādhinā nirliptaṃ ca muktir eva na saṃśayaḥ ||,##,12,##,2,$$$
"GherS, 1",##,dhautir vastis tathā netir laulikī trāṭakaṃ tathā |,##,13,##,1,$$$
"GherS, 1",##,kapālabhātiś caitāni ṣaṭkarmāṇi samācaret ||,##,13,##,2,$$$
"GherS, 1",##,antardhautir dantadhautir hṛddhautir mūlaśodhanam |,##,14,##,1,$$$
"GherS, 1",##,dhautyaś caturvidhāḥ proktā ghaṭaṃ kurvanti nirmalam ||,##,14,##,2,$$$
"GherS, 1",##,vātasāraṃ vārisāraṃ vahnisāraṃ bahiṣkṛtam |,##,15,##,1,$$$
"GherS, 1",##,ghaṭasya nirmalārthāya hy antardhautiś caturvidhā ||,##,15,##,2,$$$
"GherS, 1",##,kākacañcūvad āsyena pibed vāyuṃ śanaiḥ śanaiḥ |,##,16,##,1,$$$
"GherS, 1",##,cālayed udaraṃ paścād vartmanā recayec chanaiḥ ||,##,16,##,2,$$$
"GherS, 1",##,vātasāraṃ paraṃ gopyaṃ dehanirmalakārakam |,##,17,##,1,$$$
"GherS, 1",##,sarvarogakṣayakaraṃ dehānalavivardhakam ||,##,17,##,2,$$$
"GherS, 1",##,ā kaṇṭhaṃ pūrayed vāri vaktreṇa ca pibec chanaiḥ |,##,18,##,1,$$$
"GherS, 1",##,cālayed udareṇaiva codarād recayed adhaḥ ||,##,18,##,2,$$$
"GherS, 1",##,vārisāraṃ paraṃ gopyaṃ dehanirmalakārakam |,##,19,##,1,$$$
"GherS, 1",##,sādhayed yaḥ prayatnena devadehaṃ prapadyate ||,##,19,##,2,$$$
"GherS, 1",##,vārisāraṃ parāṃ dhautiṃ sādhayed yaḥ prayatnataḥ |,##,20,##,1,$$$
"GherS, 1",##,maladehaṃ śodhayitvā devadehaṃ prapadyate ||,##,20,##,2,$$$
"GherS, 1",##,nābhigranthiṃ merupṛṣṭhe śatavāraṃ ca kārayet |,##,21,##,1,$$$
"GherS, 1",##,udarāmayajaṃ tyaktvā jāṭharāgniṃ vivardhayet |,##,21,##,2,$$$
"GherS, 1",##,vahnisāram iyaṃ dhautir yogināṃ yogasiddhidā ||,##,21,##,3,$$$
"GherS, 1",##,eṣā dhautiḥ parā gopyā na prakāśyā kadācana |,##,22,##,1,$$$
"GherS, 1",##,kevalaṃ dhautimātreṇa devadeho bhaved dhruvam ||,##,22,##,2,$$$
"GherS, 1",##,kākīmudrāṃ sādhayitvā pūrayed udaraṃ mahat |,##,23,##,1,$$$
"GherS, 1",##,dhārayed ardhayāmaṃ tu cālayed ardhavartmanā |,##,23,##,2,$$$
"GherS, 1",##,eṣā dhautiḥ parā gopyā na prakāśyā kadācana ||,##,23,##,3,$$$
"GherS, 1",##,nābhimagnajale sthitvā śaktināḍīṃ vimarjayet |,##,24,##,1,$$$
"GherS, 1",##,karābhyāṃ kṣālayen nāḍīṃ yāvan malavisarjanam ||,##,24,##,2,$$$
"GherS, 1",##,tāvat prakṣālya nāḍīṃ ca udare veśayet punaḥ |,##,25,##,1,$$$
"GherS, 1",##,idaṃ prakṣālanaṃ gopyaṃ devānām api durlabham |,##,25,##,2,$$$
"GherS, 1",##,kevalaṃ dhautimātreṇa devadeho bhaved dhruvam ||,##,25,##,3,$$$
"GherS, 1",##,yāmārdhaṃ dhāraṇāśaktiṃ yāvan na sādhayen naraḥ |,##,26,##,1,$$$
"GherS, 1",##,bahiṣkṛtaṃ mahādhautī tāvan naiva tu jāyate ||,##,26,##,2,$$$
"GherS, 1",##,dantamūlaṃ jihvāmūlaṃ randhraṃ ca karṇayugmayoḥ |,##,27,##,1,$$$
"GherS, 1",##,kapālarandhraṃ pañceti dantadhautir vidhīyate ||,##,27,##,2,$$$
"GherS, 1",##,khadireṇa rasenātha mṛttikayā ca śuddhayā |,##,28,##,1,$$$
"GherS, 1",##,mārjayed dantamūlaṃ ca yāvat kilbiṣam āharet ||,##,28,##,2,$$$
"GherS, 1",##,dantamūlaṃ parā dhautir yogināṃ yogasādhane |,##,29,##,1,$$$
"GherS, 1",##,nityaṃ kuryāt prabhāte ca dantarakṣāya yogavit |,##,29,##,2,$$$
"GherS, 1",##,dantamūlaṃ dhāraṇādikāryeṣu yogināṃ yataḥ ||,##,29,##,3,$$$
"GherS, 1",##,athātaḥ sampravakṣyāmi jihvāśodhanakāraṇam |,##,30,##,1,$$$
"GherS, 1",##,jarāmaraṇarogādīn nāśayed dīrghalambikā ||,##,30,##,2,$$$
"GherS, 1",##,tarjanīmadhyamānāmā aṅgulitrayayogataḥ |,##,31,##,1,$$$
"GherS, 1",##,veśayed galamadhye tu mārjayel lambikāmalam |,##,31,##,2,$$$
"GherS, 1",##,śanaiḥ śanair mārjayitvā kaphadoṣaṃ nivārayet ||,##,31,##,3,$$$
"GherS, 1",##,mārjayen navanītena dohayec ca punaḥ punaḥ |,##,32,##,1,$$$
"GherS, 1",##,tadagraṃ lauhayantreṇa karṣayitvā punaḥ punaḥ ||,##,32,##,2,$$$
"GherS, 1",##,nityaṃ kuryāt prayatnena raver udayake 'stake |,##,33,##,1,$$$
"GherS, 1",##,evaṃ kṛte tu nitye ca lambikā dīrghatāṃ gatā ||,##,33,##,2,$$$
"GherS, 1",##,tarjanyaṅgulyagrayogān mārjayet karṇarandhrayoḥ |,##,34,##,1,$$$
"GherS, 1",##,nityam abhyāsayogena nādāntaraṃ prakāśanam ||,##,34,##,2,$$$
"GherS, 1",##,vṛddhāṅguṣṭhena dakṣeṇa mardayed bhālarandhrakam |,##,35,##,1,$$$
"GherS, 1",##,evam abhyāsayogena kaphadoṣaṃ nivārayet ||,##,35,##,2,$$$
"GherS, 1",##,nāḍī nirmalatāṃ yāti divyadṛṣṭiḥ prajāyate |,##,36,##,1,$$$
"GherS, 1",##,nidrānte bhojanānte ca divānte ca dine dine ||,##,36,##,2,$$$
"GherS, 1",##,hṛddhautiṃ trividhāṃ kuryād daṇḍavamanavāsasā ||,##,37,##,1,$$$
"GherS, 1",##,rambhādaṇḍaṃ hariddaṇḍaṃ vetradaṇḍaṃ tathaiva ca |,##,38,##,1,$$$
"GherS, 1",##,hṛnmadhye cālayitvā tu punaḥ pratyāharec chanaiḥ ||,##,38,##,2,$$$
"GherS, 1",##,kaphapittaṃ tathā kledaṃ recayed ūrdhvavartmanā |,##,39,##,1,$$$
"GherS, 1",##,daṇḍadhautividhānena hṛdrogaṃ nāśayed dhruvam ||,##,39,##,2,$$$
"GherS, 1",##,bhojanānte pibed vāri ā karṇapūritaṃ sudhīḥ |,##,40,##,1,$$$
"GherS, 1",##,ūrdhvadṛṣṭiṃ kṣaṇaṃ kṛtvā taj jalaṃ vamayet punaḥ |,##,40,##,2,$$$
"GherS, 1",##,nityam abhyāsayogena kaphapittaṃ nivārayet ||,##,40,##,3,$$$
"GherS, 1",##,ekonaviṃśatir hastaḥ pañcaviṃśati vai tathā |,##,41,##,1,$$$
"GherS, 1",##,caturaṅgulavistāraṃ sūkṣmavastraṃ śanair graset |,##,41,##,2,$$$
"GherS, 1",##,punaḥ pratyāhared etat procyate dhautikarmakam ||,##,41,##,3,$$$
"GherS, 1",##,gulmajvaraplīhākuṣṭhakaphapittaṃ vinaśyati |,##,42,##,1,$$$
"GherS, 1",##,ārogyaṃ balapuṣṭiś ca bhavet tasya dine dine ||,##,42,##,2,$$$
"GherS, 1",##,apānakrūratā tāvad yāvan mūlaṃ na śodhayet |,##,43,##,1,$$$
"GherS, 1",##,tasmāt sarvaprayatnena mūlaśodhanam ācaret ||,##,43,##,2,$$$
"GherS, 1",##,pītamūlasya daṇḍena madhyamāṅgulināpi vā |,##,44,##,1,$$$
"GherS, 1",##,yatnena kṣālayed guhyaṃ vāriṇā ca punaḥ punaḥ ||,##,44,##,2,$$$
"GherS, 1",##,vārayet koṣṭhakāṭhinyam āmājīrṇaṃ nivārayet |,##,45,##,1,$$$
"GherS, 1",##,kāraṇaṃ kāntipuṣṭyoś ca dīpanaṃ vahnimaṇḍalam ||,##,45,##,2,$$$
"GherS, 1",##,jalavastiḥ śuṣkavastir vastī ca dvividhau smṛtau |,##,46,##,1,$$$
"GherS, 1",##,jalavastiṃ jale kuryāc chuṣkavastiṃ kṣitau sadā ||,##,46,##,2,$$$
"GherS, 1",##,nābhimagnajale pāyuṃ nyastavān utkaṭāsanam |,##,47,##,1,$$$
"GherS, 1",##,ākuñcanaṃ prakāśaṃ ca jalavastiṃ samācaret ||,##,47,##,2,$$$
"GherS, 1",##,pramehaṃ ca gudāvartaṃ krūravāyuṃ nivārayet |,##,48,##,1,$$$
"GherS, 1",##,bhavet svacchandadehaś ca kāmadevasamo bhavet ||,##,48,##,2,$$$
"GherS, 1",##,vastiṃ paścimatānena cālayitvā śanaiḥ śanaiḥ |,##,49,##,1,$$$
"GherS, 1",##,aśvinīmudrayā pāyum ākuñcayet prakāśayet ||,##,49,##,2,$$$
"GherS, 1",##,evam abhyāsayogena koṣṭhadoṣo na vidyate |,##,50,##,1,$$$
"GherS, 1",##,vivardhayej jāṭharāgnim āmavātaṃ vināśayet ||,##,50,##,2,$$$
"GherS, 1",##,vitastimānaṃ sūkṣmasūtraṃ nāsānāle praveśayet |,##,51,##,1,$$$
"GherS, 1",##,mukhān nirgamayet paścāt procyate netikarmakam ||,##,51,##,2,$$$
"GherS, 1",##,sādhanān netikarmāpi khecarīsiddhim āpnuyāt |,##,52,##,1,$$$
"GherS, 1",##,kaphadoṣā vinaśyanti divyadṛṣṭiḥ prajāyate ||,##,52,##,2,$$$
"GherS, 1",##,amandavegaṃ tundaṃ ca bhrāmayed ubhapārśvayoḥ |,##,53,##,1,$$$
"GherS, 1",##,sarvarogān nihantīha dehānalavivardhanam ||,##,53,##,2,$$$
"GherS, 1",##,nimeṣonmeṣakaṃ tyaktvā sūkṣmalakṣyaṃ nirīkṣayet |,##,54,##,1,$$$
"GherS, 1",##,yāvad aśru nipatate trāṭakaṃ procyate budhaiḥ ||,##,54,##,2,$$$
"GherS, 1",##,evam abhyāsayogena śāṃbhavī jāyate dhruvam |,##,55,##,1,$$$
"GherS, 1",##,na jāyate netrarogaḥ divyadṛṣṭipradāyakam ||,##,55,##,2,$$$
"GherS, 1",##,vāmakrameṇa vyutkrameṇa śītkrameṇa viśeṣataḥ |,##,56,##,1,$$$
"GherS, 1",##,bhālabhātiṃ tridhā kuryāt kaphadoṣaṃ nivārayet ||,##,56,##,2,$$$
"GherS, 1",##,iḍayā pūrayed vāyuṃ recayet piṅgalā punaḥ |,##,57,##,1,$$$
"GherS, 1",##,piṅgalayā pūrayitvā punaś candreṇa recayet ||,##,57,##,2,$$$
"GherS, 1",##,pūrakaṃ recakaṃ kṛtvā vegena na tu cālayet |,##,58,##,1,$$$
"GherS, 1",##,evam abhyāsayogena kaphadoṣaṃ nivārayet ||,##,58,##,2,$$$
"GherS, 1",##,nāsābhyāṃ jalam ākṛṣya punar vaktreṇa recayet |,##,59,##,1,$$$
"GherS, 1",##,pāyaṃ pāyaṃ prakurvaṃś cec chleṣmadoṣaṃ nivārayet ||,##,59,##,2,$$$
"GherS, 1",##,śītkṛtya pītvā vaktreṇa nāsānālair virecayet |,##,60,##,1,$$$
"GherS, 1",##,evam abhyāsayogena kāmadevasamo bhavet ||,##,60,##,2,$$$
"GherS, 1",##,na jāyate vārddhakaṃ ca jvaro naiva prajāyate |,##,61,##,1,$$$
"GherS, 1",##,bhavet svacchandadehaś ca kaphadoṣaṃ nivārayet ||,##,61,##,2,$$$
"GherS, 2",##,gheraṇḍa uvāca |,##,1,##,1,$$$
"GherS, 2",##,āsanāni samastāni yāvanto jīvajantavaḥ |,##,1,##,2,$$$
"GherS, 2",##,caturaśītilakṣāṇi śivena kathitaṃ purā ||,##,1,##,3,$$$
"GherS, 2",##,teṣāṃ madhye viśiṣṭāni ṣoḍaśonaṃ śataṃ kṛtam |,##,2,##,1,$$$
"GherS, 2",##,teṣāṃ madhye martyaloke dvātriṃśad āsanaṃ śubham ||,##,2,##,2,$$$
"GherS, 2",##,siddhaṃ padmaṃ tathā bhadraṃ muktaṃ vajraṃ ca svastikam |,##,3,##,1,$$$
"GherS, 2",##,siṃhaṃ ca gomukhaṃ vīraṃ dhanurāsanam eva ca ||,##,3,##,2,$$$
"GherS, 2",##,mṛtaṃ guptaṃ tathā mātsyaṃ matsyendrāsanam eva ca |,##,4,##,1,$$$
"GherS, 2",##,gorakṣaṃ paścimottānam utkaṭaṃ saṃkaṭaṃ tathā ||,##,4,##,2,$$$
"GherS, 2",##,mayūraṃ kukkuṭaṃ kūrmaṃ tathā uttānakūrmakam |,##,5,##,1,$$$
"GherS, 2",##,uttānamaṇḍukaṃ vṛkṣaṃ maṇḍūkaṃ garuḍaṃ vṛṣam ||,##,5,##,2,$$$
"GherS, 2",##,śalabhaṃ makaraṃ coṣṭraṃ bhujaṃgaṃ ca yogāsanam |,##,6,##,1,$$$
"GherS, 2",##,dvātriṃśad āsanāny eva martyaloke ca siddhidā ||,##,6,##,2,$$$
"GherS, 2",##,yonisthānakam aṅghrimūlaghaṭitaṃ saṃpīḍya gulphetaram |,##,7,##,1,$$$
"GherS, 2",##,meḍhropary atha saṃnidhāya cibukaṃ kṛtvā hṛdi sthāpitam |,##,7,##,2,$$$
"GherS, 2",##,sthāṇuḥ saṃyamitendriyo 'caladṛśā paśyan bhruvor antare |,##,7,##,3,$$$
"GherS, 2",##,etan mokṣakapāṭabhedanakaraṃ siddhāsanaṃ procyate ||,##,7,##,4,$$$
"GherS, 2",##,vāmorūpari dakṣiṇaṃ hi caraṇaṃ saṃsthāpya vāmaṃ tathā |,##,8,##,1,$$$
"GherS, 2",##,dakṣorūpari paścimena vidhinā kṛtvā karābhyāṃ dṛḍham |,##,8,##,2,$$$
"GherS, 2",##,aṅguṣṭhau hṛdaye nidhāya cibukaṃ nāsāgram ālokayet |,##,8,##,3,$$$
"GherS, 2",##,etad vyādhivikāranāśanakaraṃ padmāsanaṃ procyate ||,##,8,##,4,$$$
"GherS, 2",##,gulphau ca vṛṣaṇasyādho vyutkrameṇa samāhitau |,##,9,##,1,$$$
"GherS, 2",##,pādāṅguṣṭhau karābhyāṃ ca dhṛtvā ca pṛṣṭhadeśataḥ ||,##,9,##,2,$$$
"GherS, 2",##,jālaṃdharaṃ samāsādya nāsāgram avalokayet |,##,10,##,1,$$$
"GherS, 2",##,bhadrāsanaṃ bhaved etat sarvavyādhivināśakam ||,##,10,##,2,$$$
"GherS, 2",##,pāyumūle vāmagulphaṃ dakṣagulphaṃ tathopari |,##,11,##,1,$$$
"GherS, 2",##,śirogrīvāsame kāye muktāsanaṃ tu siddhidam ||,##,11,##,2,$$$
"GherS, 2",##,jaṅghayor vajravat kṛtvā gudapārśve padāv ubhau |,##,12,##,1,$$$
"GherS, 2",##,vajrāsanaṃ bhaved etad yogināṃ siddhidāyakam ||,##,12,##,2,$$$
"GherS, 2",##,jānūrvor antare kṛtvā yogī pādatale ubhe |,##,13,##,1,$$$
"GherS, 2",##,ṛjukāyaḥ samāsīnaḥ svastikaṃ tat pracakṣate ||,##,13,##,2,$$$
"GherS, 2",##,gulphau ca vṛṣaṇasyādho vyutkrameṇordhvatāṃ gatau |,##,14,##,1,$$$
"GherS, 2",##,citimūlau bhūmisaṃsthau karau ca jānunopari ||,##,14,##,2,$$$
"GherS, 2",##,vyāttavaktro jalandhareṇa nāsāgram avalokayet |,##,15,##,1,$$$
"GherS, 2",##,siṃhāsanaṃ bhaved etat sarvavyādhivināśakam ||,##,15,##,2,$$$
"GherS, 2",##,pādau bhūmau ca saṃsthāpya pṛṣṭhapārśve niveśayet |,##,16,##,1,$$$
"GherS, 2",##,sthirakāyaṃ samāsādya gomukhaṃ gomukhākṛti ||,##,16,##,2,$$$
"GherS, 2",##,ekapādam athaikasmin vinyased ūrusaṃsthitam |,##,17,##,1,$$$
"GherS, 2",##,itarasmiṃs tathā paścād vīrāsanam itīritam ||,##,17,##,2,$$$
"GherS, 2",##,prasārya pādau bhuvi daṇḍarūpau karau ca pṛṣṭhaṃ dhṛtapādayugmam |,##,18,##,1,$$$
"GherS, 2",##,kṛtvā dhanustulyavivartitāṅgaṃ nigadyate vai dhanurāsanaṃ tat ||,##,18,##,2,$$$
"GherS, 2",##,uttānaṃ śavavad bhūmau śayānaṃ tu śavāsanam |,##,19,##,1,$$$
"GherS, 2",##,śavāsanaṃ śramaharaṃ cittaviśrāntikāraṇam ||,##,19,##,2,$$$
"GherS, 2",##,jānūrvor antare pādau kṛtvā pādau ca gopayet |,##,20,##,1,$$$
"GherS, 2",##,pādopari ca saṃsthāpya gudaṃ guptāsanaṃ viduḥ ||,##,20,##,2,$$$
"GherS, 2",##,muktapadmāsanaṃ kṛtvā uttānaśayanaṃ caret |,##,21,##,1,$$$
"GherS, 2",##,kūrparābhyāṃ śiro veṣṭya matsyāsanaṃ tu rogahā ||,##,21,##,2,$$$
"GherS, 2",##,udare paścimaṃ tānaṃ kṛtvā tiṣṭhati yatnataḥ |,##,22,##,1,$$$
"GherS, 2",##,namrāṅgaṃ vāmapadaṃ hi dakṣajānūpari nyaset ||,##,22,##,2,$$$
"GherS, 2",##,tatra yāmyaṃ kūrparaṃ ca yāmyakare ca vaktrakam |,##,23,##,1,$$$
"GherS, 2",##,bhruvor madhye gatā dṛṣṭiḥ pīṭhaṃ matsyendram ucyate ||,##,23,##,2,$$$
"GherS, 2",##,jānūrvor antare pādau uttānau vyaktasaṃsthitau |,##,24,##,1,$$$
"GherS, 2",##,gulphau cācchādya hastābhyām uttānābhyāṃ prayatnataḥ ||,##,24,##,2,$$$
"GherS, 2",##,kaṇṭhasaṃkocanaṃ kṛtvā nāsāgram avalokayet |,##,25,##,1,$$$
"GherS, 2",##,gorakṣāsanam ity āhur yogināṃ siddhikāraṇam ||,##,25,##,2,$$$
"GherS, 2",##,prasārya pādau bhuvi daṇḍarūpau saṃnyastabhālaṃ citiyugmamadhye |,##,26,##,1,$$$
"GherS, 2",##,yatnena pādau ca dhṛtau karābhyāṃ yogendrapīṭhaṃ paścimatānam āhuḥ ||,##,26,##,2,$$$
"GherS, 2",##,aṅguṣṭhābhyām avaṣṭabhya dharāṃ gulphau ca khe gatau |,##,27,##,1,$$$
"GherS, 2",##,tatropari gudaṃ nyased vijñeyam utkaṭāsanam ||,##,27,##,2,$$$
"GherS, 2",##,vāmapādaciter mūlaṃ saṃnyasya dharaṇītale |,##,28,##,1,$$$
"GherS, 2",##,pādadaṇḍena yāmyena veṣṭayed vāmapādakam |,##,28,##,2,$$$
"GherS, 2",##,jānuyugme karayugmam etat saṃkaṭam āsanam ||,##,28,##,3,$$$
"GherS, 2",##,dharām avaṣṭabhya karadvayābhyāṃ tat kūrpare sthāpitanābhipārśvam |,##,29,##,1,$$$
"GherS, 2",##,uccāsane daṇḍavad utthitaḥ khe mayūram etat pravadanti pīṭham ||,##,29,##,2,$$$
"GherS, 2",##,bahukadaśanabhuktaṃ bhasma kuryād aśeṣaṃ janayati jaṭharāgniṃ jārayet kālakūṭam |,##,30,##,1,$$$
"GherS, 2",##,harati sakalarogān āśu gulmajvarādīn bhavati vigatadoṣaṃ hy āsanaṃ śrīmayūram ||,##,30,##,2,$$$
"GherS, 2",##,padmāsanaṃ samāsādya jānūrvor antare karau |,##,31,##,1,$$$
"GherS, 2",##,kūrparābhyāṃ samāsīno mañcasthaḥ kukkuṭāsanam ||,##,31,##,2,$$$
"GherS, 2",##,gulphau ca vṛṣaṇasyādho vyutkrameṇa samāhitau |,##,32,##,1,$$$
"GherS, 2",##,ṛjukāyaśirogrīvaṃ kūrmāsanam itīritam ||,##,32,##,2,$$$
"GherS, 2",##,kukkuṭāsanabandhasthaṃ karābhyāṃ dhṛtakaṃdharam |,##,33,##,1,$$$
"GherS, 2",##,khagakūrmavad uttānam etad uttānakūrmakam ||,##,33,##,2,$$$
"GherS, 2",##,pādatalau pṛṣṭhadeśe aṅguṣṭhau dvau ca saṃspṛśet |,##,34,##,1,$$$
"GherS, 2",##,jānuyugmaṃ puraskṛtya sādhayen maṇḍūkāsanam ||,##,34,##,2,$$$
"GherS, 2",##,maṇḍūkāsanabandhasthaṃ kūrparābhyāṃ dhṛtaṃ śiraḥ |,##,35,##,1,$$$
"GherS, 2",##,etad bhekavad uttānam etad uttānamaṇḍukam ||,##,35,##,2,$$$
"GherS, 2",##,vāmorumūladeśe ca yāmyaṃ pādaṃ nidhāya tu |,##,36,##,1,$$$
"GherS, 2",##,tiṣṭhati vṛkṣavad bhūmau vṛkṣāsanam idaṃ viduḥ ||,##,36,##,2,$$$
"GherS, 2",##,jaṅghorubhyāṃ dharāṃ pīḍya sthirakāyo dvijānunā |,##,37,##,1,$$$
"GherS, 2",##,jānūpari karayugmaṃ garuḍāsanam ucyate ||,##,37,##,2,$$$
"GherS, 2",##,yāmyagulphe pāyumūlaṃ vāmabhāge padetaram |,##,38,##,1,$$$
"GherS, 2",##,viparītaṃ spṛśed bhūmiṃ vṛṣāsanam idaṃ bhavet ||,##,38,##,2,$$$
"GherS, 2",##,adhyāsya śete padayugmavakṣe bhūmim avaṣṭabhya karadvayābhyām |,##,39,##,1,$$$
"GherS, 2",##,pādau ca śūnye ca vitasti cordhvaṃ vadanti pīṭhaṃ śalabhaṃ munīndrāḥ ||,##,39,##,2,$$$
"GherS, 2",##,adhyāsya śete hṛdayaṃ nidhāya bhūmau ca pādau pravisāryamāṇau |,##,40,##,1,$$$
"GherS, 2",##,śiraś ca dhṛtvā karadaṇḍayugme dehāgnikāraṃ makarāsanaṃ tat ||,##,40,##,2,$$$
"GherS, 2",##,adhyāsya śete padayugmam astaṃ pṛṣṭhe nidhāyāpi dhṛtaṃ karābhyām |,##,41,##,1,$$$
"GherS, 2",##,ākuñcya samyagghyudarāsyagaṇḍam uṣṭraṃ ca pīṭhaṃ yatayo vadanti ||,##,41,##,2,$$$
"GherS, 2",##,aṅguṣṭhanābhiparyantam adho bhūmau ca vinyaset |,##,42,##,1,$$$
"GherS, 2",##,karatalābhyāṃ dharāṃ dhṛtvā ūrdhvaṃ śīrṣaṃ phaṇīva hi ||,##,42,##,2,$$$
"GherS, 2",##,dehāgnir vardhate nityaṃ sarvarogavināśanam |,##,43,##,1,$$$
"GherS, 2",##,jāgarti bhujagī devī sādhanād bhujaṃgāsanam ||,##,43,##,2,$$$
"GherS, 2",##,uttānau caraṇau kṛtvā saṃsthāpya jānunopari |,##,44,##,1,$$$
"GherS, 2",##,āsanopari saṃsthāpya uttānaṃ karayugmakam ||,##,44,##,2,$$$
"GherS, 2",##,pūrakair vāyum ākṛṣya nāsāgram avalokayet |,##,45,##,1,$$$
"GherS, 2",##,yogāsanaṃ bhaved etad yogināṃ yogasādhane ||,##,45,##,2,$$$
"GherS, 3",##,gheraṇḍa uvāca |,##,1,##,1,$$$
"GherS, 3",##,mahāmudrā nabhomudrā uḍḍīyānaṃ jalaṃdharam |,##,1,##,2,$$$
"GherS, 3",##,mūlabandhaṃ mahābandhaṃ mahāvedhaś ca khecarī ||,##,1,##,3,$$$
"GherS, 3",##,viparītakaraṇī yonir vajrolī śakticālanī |,##,2,##,1,$$$
"GherS, 3",##,taḍāgī māṇḍukī mudrā śāmbhavī pañcadhāraṇā ||,##,2,##,2,$$$
"GherS, 3",##,aśvinī pāśinī kākī mātaṃgī ca bhujaṅginī |,##,3,##,1,$$$
"GherS, 3",##,pañcaviṃśatimudrāś ca siddhidā iha yoginām ||,##,3,##,2,$$$
"GherS, 3",##,mudrāṇāṃ paṭalaṃ devi kathitaṃ tava saṃnidhau |,##,4,##,1,$$$
"GherS, 3",##,yena vijñātamātreṇa sarvasiddhiḥ prajāyate ||,##,4,##,2,$$$
"GherS, 3",##,gopanīyaṃ prayatnena na deyaṃ yasya kasyacit |,##,5,##,1,$$$
"GherS, 3",##,prītidaṃ yogināṃ caiva durlabhaṃ marutām api ||,##,5,##,2,$$$
"GherS, 3",##,pāyumūlaṃ vāmagulphe saṃpīḍya dṛḍhayatnataḥ |,##,6,##,1,$$$
"GherS, 3",##,yāmyapādaṃ prasāryātha karābhyāṃ dhṛtapadāṅguliḥ ||,##,6,##,2,$$$
"GherS, 3",##,kaṇṭhasaṃkocanaṃ kṛtvā bhruvor madhye nirīkṣayet |,##,7,##,1,$$$
"GherS, 3",##,pūrakair vāyuṃ sampūrya mahāmudrā nigadyate ||,##,7,##,2,$$$
"GherS, 3",##,valitaṃ palitaṃ caiva jarāṃ mṛtyuṃ nivārayet |,##,8,##,1,$$$
"GherS, 3",##,kṣayakāsaṃ gudāvartaṃ plīhājīrṇaṃ jvaraṃ tathā |,##,8,##,2,$$$
"GherS, 3",##,nāśayet sarvarogāṃś ca mahāmudrābhisevanāt ||,##,8,##,3,$$$
"GherS, 3",##,yatra yatra sthito yogī sarvakāryeṣu sarvadā |,##,9,##,1,$$$
"GherS, 3",##,ūrdhvajihvaḥ sthiro bhūtvā dhārayet pavanaṃ sadā |,##,9,##,2,$$$
"GherS, 3",##,nabhomudrā bhaved eṣā yogināṃ roganāśinī ||,##,9,##,3,$$$
"GherS, 3",##,udare paścimaṃ tānaṃ nābher ūrdhvaṃ tu kārayet |,##,10,##,1,$$$
"GherS, 3",##,uḍḍīnaṃ kurute yasmād aviśrāntaṃ mahākhagaḥ |,##,10,##,2,$$$
"GherS, 3",##,uḍḍīyānaṃ tv asau bandho mṛtyumātaṃgakesarī ||,##,10,##,3,$$$
"GherS, 3",##,samagrād bandhanāddhy etad uḍḍīyānaṃ viśiṣyate |,##,11,##,1,$$$
"GherS, 3",##,uḍḍīyāne samabhyaste muktiḥ svābhāvikī bhavet ||,##,11,##,2,$$$
"GherS, 3",##,kaṇṭhasaṃkocanaṃ kṛtvā cibukaṃ hṛdaye nyaset |,##,12,##,1,$$$
"GherS, 3",##,jālaṃdhare kṛte bandhe ṣoḍaśādhārabandhanam |,##,12,##,2,$$$
"GherS, 3",##,jālaṃdharamahāmudrā mṛtyoś ca kṣayakāriṇī ||,##,12,##,3,$$$
"GherS, 3",##,siddhaṃ jālaṃdharaṃ bandhaṃ yogināṃ siddhidāyakam |,##,13,##,1,$$$
"GherS, 3",##,ṣaṇmāsam abhyased yo hi sa siddho nātra saṃśayaḥ ||,##,13,##,2,$$$
"GherS, 3",##,pārṣṇinā vāmapādasya yonim ākuñcayet tataḥ |,##,14,##,1,$$$
"GherS, 3",##,nābhigranthiṃ merudaṇḍe saṃpīḍya yatnataḥ sudhīḥ ||,##,14,##,2,$$$
"GherS, 3",##,meḍhraṃ dakṣiṇagulphena dṛḍhabandhaṃ samācaret |,##,15,##,1,$$$
"GherS, 3",##,nābher ūrdhvam adhaś cāpi tānaṃ kuryāt prayatnataḥ |,##,15,##,2,$$$
"GherS, 3",##,jarāvināśinī mudrā mūlabandho nigadyate ||,##,15,##,3,$$$
"GherS, 3",##,saṃsārasāgaraṃ tartum abhilaṣati yaḥ pumān |,##,16,##,1,$$$
"GherS, 3",##,virale sugupto bhūtvā mudrām etāṃ samabhyaset ||,##,16,##,2,$$$
"GherS, 3",##,abhyāsād bandhanasyāsya marutsiddhir bhaved dhruvam |,##,17,##,1,$$$
"GherS, 3",##,sādhayed yatnatas tarhi maunī tu vijitālasaḥ ||,##,17,##,2,$$$
"GherS, 3",##,vāmapādasya gulphena pāyumūlaṃ nirodhayet |,##,18,##,1,$$$
"GherS, 3",##,dakṣapādena tad gulphaṃ saṃpīḍya yatnataḥ sudhīḥ ||,##,18,##,2,$$$
"GherS, 3",##,śanaiḥ śanaiś cālayet pārṣṇiṃ yonim ākuñcayec chanaiḥ |,##,19,##,1,$$$
"GherS, 3",##,jālaṃdhare dhārayet prāṇaṃ mahābandho nigadyate ||,##,19,##,2,$$$
"GherS, 3",##,mahābandhaḥ paro bandho jarāmaraṇanāśanaḥ |,##,20,##,1,$$$
"GherS, 3",##,prasādād asya bandhasya sādhayet sarvavāñchitam ||,##,20,##,2,$$$
"GherS, 3",##,rūpayauvanalāvaṇyaṃ nārīṇāṃ puruṣaṃ vinā |,##,21,##,1,$$$
"GherS, 3",##,mūlabandhamahābandhau mahāvedhaṃ vinā tathā ||,##,21,##,2,$$$
"GherS, 3",##,mahābandhaṃ samāsādya uḍḍānakumbhakaṃ caret |,##,22,##,1,$$$
"GherS, 3",##,mahāvedhaḥ samākhyāto yogināṃ siddhidāyakaḥ ||,##,22,##,2,$$$
"GherS, 3",##,mahābandhamūlabandhau mahāvedhasamanvitau |,##,23,##,1,$$$
"GherS, 3",##,pratyahaṃ kurute yas tu sa yogī yogavittamaḥ ||,##,23,##,2,$$$
"GherS, 3",##,na mṛtyuto bhayaṃ tasya na jarā tasya vidyate |,##,24,##,1,$$$
"GherS, 3",##,gopanīyaḥ prayatnena vedho 'yaṃ yogipuṃgavaiḥ ||,##,24,##,2,$$$
"GherS, 3",##,jihvādho nāḍīṃ saṃchitya rasanāṃ cālayet sadā |,##,25,##,1,$$$
"GherS, 3",##,dohayen navanītena lauhayantreṇa karṣayet ||,##,25,##,2,$$$
"GherS, 3",##,evaṃ nityaṃ samabhyāsāllambikā dīrghatāṃ vrajet |,##,26,##,1,$$$
"GherS, 3",##,yāvad gacched bhruvor madhye tadā sidhyati khecarī ||,##,26,##,2,$$$
"GherS, 3",##,rasanāṃ tālumadhye tu śanaiḥ śanaiḥ praveśayet |,##,27,##,1,$$$
"GherS, 3",##,kapālakuhare jihvā praviṣṭā viparītagā |,##,27,##,2,$$$
"GherS, 3",##,bhruvor madhye gatā dṛṣṭir mudrā bhavati khecarī ||,##,27,##,3,$$$
"GherS, 3",##,na ca mūrchā kṣudhā tṛṣṇā naivālasyaṃ prajāyate |,##,28,##,1,$$$
"GherS, 3",##,na ca rogo jarā mṛtyur devadehaṃ prapadyate ||,##,28,##,2,$$$
"GherS, 3",##,na cāgnir dahate gātraṃ na śoṣayati mārutaḥ |,##,29,##,1,$$$
"GherS, 3",##,na dehaṃ kledayanty āpo daṃśayen na bhujaṃgamaḥ ||,##,29,##,2,$$$
"GherS, 3",##,lāvaṇyaṃ ca bhaved gātre samādhir jāyate dhruvam |,##,30,##,1,$$$
"GherS, 3",##,kapālavaktrasaṃyoge rasanā rasam āpnuyāt ||,##,30,##,2,$$$
"GherS, 3",##,nānāvidhisamudbhūtam ānandaṃ ca dine dine |,##,31,##,1,$$$
"GherS, 3",##,ādau lavaṇakṣāraṃ ca tatas tiktakaṣāyakam ||,##,31,##,2,$$$
"GherS, 3",##,navanītaṃ ghṛtaṃ kṣīraṃ dadhitakramadhūni ca |,##,32,##,1,$$$
"GherS, 3",##,drākṣārasaṃ ca pīyūṣaṃ jāyate rasanodakam ||,##,32,##,2,$$$
"GherS, 3",##,nābhimūle vaset sūryas tālumūle ca candramāḥ |,##,33,##,1,$$$
"GherS, 3",##,amṛtaṃ grasate sūryas tato mṛtyuvaśo naraḥ ||,##,33,##,2,$$$
"GherS, 3",##,ūrdhvaṃ ca yojayet sūryaṃ candraṃ ca adha ānayet |,##,34,##,1,$$$
"GherS, 3",##,viparītakarī mudrā sarvatantreṣu gopitā ||,##,34,##,2,$$$
"GherS, 3",##,bhūmau śiraś ca saṃsthāpya karayugmaṃ samāhitaḥ |,##,35,##,1,$$$
"GherS, 3",##,ūrdhvapādaḥ sthiro bhūtvā viparītakarī matā ||,##,35,##,2,$$$
"GherS, 3",##,mudreyaṃ sādhayen nityaṃ jarāṃ mṛtyuṃ ca nāśayet |,##,36,##,1,$$$
"GherS, 3",##,sa siddhaḥ sarvalokeṣu pralaye 'pi na sīdati ||,##,36,##,2,$$$
"GherS, 3",##,siddhāsanaṃ samāsādya karṇākṣināsikāmukham |,##,37,##,1,$$$
"GherS, 3",##,aṅguṣṭhatarjanīmadhyānāmādibhiś ca dhārayet ||,##,37,##,2,$$$
"GherS, 3",##,kākībhiḥ prāṇaṃ saṃkṛṣya apāne yojayet tataḥ |,##,38,##,1,$$$
"GherS, 3",##,ṣaṭ cakrāṇi kramād dhṛtvā huṃhaṃsamanunā sudhīḥ ||,##,38,##,2,$$$
"GherS, 3",##,caitanyam ānayed devīṃ nidritā yā bhujaṅginī |,##,39,##,1,$$$
"GherS, 3",##,jīvena sahitāṃ śaktiṃ samutthāpya parāmbuje ||,##,39,##,2,$$$
"GherS, 3",##,śaktimayaṃ svayaṃ bhūtvā paraṃ śivena saṃgamam |,##,40,##,1,$$$
"GherS, 3",##,nānāsukhaṃ vihāraṃ ca cintayet paramaṃ sukham ||,##,40,##,2,$$$
"GherS, 3",##,śivaśaktisamāyogād ekāntaṃ bhuvi bhāvayet |,##,41,##,1,$$$
"GherS, 3",##,ānandamānaso bhūtvā ahaṃ brahmeti sambhavet ||,##,41,##,2,$$$
"GherS, 3",##,yonimudrā parā gopyā devānām api durlabhā |,##,42,##,1,$$$
"GherS, 3",##,sakṛt tadbhāvasaṃsiddhaḥ samādhisthaḥ sa eva hi ||,##,42,##,2,$$$
"GherS, 3",##,brahmahā bhrūṇahā caiva surāpo gurutalpagaḥ |,##,43,##,1,$$$
"GherS, 3",##,etaiḥ pāpair na lipyate yonimudrānibandhanāt ||,##,43,##,2,$$$
"GherS, 3",##,yāni pāpāni ghorāṇi upapāpāni yāni ca |,##,44,##,1,$$$
"GherS, 3",##,tāni sarvāṇi naśyanti yonimudrānibandhanāt |,##,44,##,2,$$$
"GherS, 3",##,tasmād abhyasanaṃ kuryād yadi muktiṃ samicchati ||,##,44,##,3,$$$
"GherS, 3",##,dharām avaṣṭabhya karadvayābhyām ūrdhvaṃ kṣipet pādayugaṃ śiraḥ khe |,##,45,##,1,$$$
"GherS, 3",##,śaktiprabodhāya cirajīvanāya vajrolīmudrāṃ munayo vadanti ||,##,45,##,2,$$$
"GherS, 3",##,ayaṃ yogo yogaśreṣṭho yogināṃ muktikāraṇam |,##,46,##,1,$$$
"GherS, 3",##,ayaṃ hitaprado yogo yogināṃ siddhidāyakaḥ ||,##,46,##,2,$$$
"GherS, 3",##,etad yogaprasādena bindusiddhir bhaved dhruvam |,##,47,##,1,$$$
"GherS, 3",##,siddhe bindau mahāyatne kiṃ na sidhyati bhūtale ||,##,47,##,2,$$$
"GherS, 3",##,bhogena mahatā yukto yadi mudrāṃ samācaret |,##,48,##,1,$$$
"GherS, 3",##,tathāpi sakalā siddhis tasya bhavati niścitam ||,##,48,##,2,$$$
"GherS, 3",##,mūlādhāre ātmaśaktiḥ kuṇḍalī paradevatā |,##,49,##,1,$$$
"GherS, 3",##,śayitā bhujagākārā sārdhatrivalayānvitā ||,##,49,##,2,$$$
"GherS, 3",##,yāvat sā nidritā dehe tāvaj jīvaḥ paśur yathā |,##,50,##,1,$$$
"GherS, 3",##,jñānaṃ na jāyate tāvat koṭiyogaṃ samabhyaset ||,##,50,##,2,$$$
"GherS, 3",##,udghāṭayet kavāṭaṃ ca yathā kuñcikayā haṭhāt |,##,51,##,1,$$$
"GherS, 3",##,kuṇḍalinyāḥ prabodhena brahmadvāraṃ vibhedayet ||,##,51,##,2,$$$
"GherS, 3",##,nābhiṃ bṛhad veṣṭanaṃ ca na ca nagnaṃ bahiḥ sthitam |,##,52,##,1,$$$
"GherS, 3",##,gopanīyagṛhe sthitvā śakticālanam abhyaset ||,##,52,##,2,$$$
"GherS, 3",##,vitastipramitaṃ dīrghaṃ vistāre caturaṅgulam |,##,53,##,1,$$$
"GherS, 3",##,mṛdulaṃ dhavalaṃ sūkṣmaṃ veṣṭanāmbaralakṣaṇam |,##,53,##,2,$$$
"GherS, 3",##,evam ambaram uktaṃ ca kaṭisūtreṇa yojayet ||,##,53,##,3,$$$
"GherS, 3",##,bhasmanā gātrasaṃliptaṃ siddhāsanaṃ samācaret |,##,54,##,1,$$$
"GherS, 3",##,nāsābhyāṃ prāṇam ākṛṣya apāne yojayed balāt ||,##,54,##,2,$$$
"GherS, 3",##,tāvad ākuñcayed guhyaṃ śanair aśvinīmudrayā |,##,55,##,1,$$$
"GherS, 3",##,yāvad gacchet suṣumṇāyāṃ vāyuḥ prakāśayeddhaṭhāt ||,##,55,##,2,$$$
"GherS, 3",##,tāvad vāyuprabhedena kumbhikā ca bhujaṅginī |,##,56,##,1,$$$
"GherS, 3",##,baddhaśvāsas tato bhūtvā ca ūrdhvamātraṃ prapadyate |,##,56,##,2,$$$
"GherS, 3",##,śabdadvayaṃ phalaikaṃ tu yonimudrāṃ ca cālayet ||,##,56,##,3,$$$
"GherS, 3",##,vinā śakticālanena yonimudrā na sidhyati |,##,57,##,1,$$$
"GherS, 3",##,ādau cālanam abhyasya yonimudrāṃ samabhyaset ||,##,57,##,2,$$$
"GherS, 3",##,iti te kathitaṃ caṇḍa prakāraṃ śakticālanam |,##,58,##,1,$$$
"GherS, 3",##,gopanīyaṃ prayatnena dine dine samabhyaset ||,##,58,##,2,$$$
"GherS, 3",##,mudreyaṃ paramā gopyā jarāmaraṇanāśinī |,##,59,##,1,$$$
"GherS, 3",##,tasmād abhyasanaṃ kāryaṃ yogibhiḥ siddhikāṅkṣibhiḥ ||,##,59,##,2,$$$
"GherS, 3",##,nityaṃ yo 'bhyasate yogī siddhis tasya kare sthitā |,##,60,##,1,$$$
"GherS, 3",##,tasya vigrahasiddhiḥ syād rogāṇāṃ saṃkṣayo bhavet ||,##,60,##,2,$$$
"GherS, 3",##,udare paścimaṃ tānaṃ kṛtvā ca taḍāgākṛti |,##,61,##,1,$$$
"GherS, 3",##,taḍāgī sā parā mudrā jarāmṛtyuvināśinī ||,##,61,##,2,$$$
"GherS, 3",##,mukhaṃ saṃmudritaṃ kṛtvā jihvāmūlaṃ pracālayet |,##,62,##,1,$$$
"GherS, 3",##,śanair grased amṛtaṃ tan māṇḍukīṃ mudrikāṃ viduḥ ||,##,62,##,2,$$$
"GherS, 3",##,valitaṃ palitaṃ naiva jāyate nityayauvanam |,##,63,##,1,$$$
"GherS, 3",##,na keśe jāyate pāko yaḥ kuryān nityamāṇḍukīm ||,##,63,##,2,$$$
"GherS, 3",##,netrāñjanaṃ samālokya ātmārāmaṃ nirīkṣayet |,##,64,##,1,$$$
"GherS, 3",##,sā bhavec chāmbhavī mudrā sarvatantreṣu gopitā ||,##,64,##,2,$$$
"GherS, 3",##,vedaśāstrapurāṇāni sāmānyagaṇikā iva |,##,65,##,1,$$$
"GherS, 3",##,iyaṃ tu śāmbhavī mudrā guptā kulavadhūr iva ||,##,65,##,2,$$$
"GherS, 3",##,sa eva ādināthaś ca sa ca nārāyaṇaḥ svayam |,##,66,##,1,$$$
"GherS, 3",##,sa ca brahmā sṛṣṭikārī yo mudrāṃ vetti śāmbhavīm ||,##,66,##,2,$$$
"GherS, 3",##,satyaṃ satyaṃ punaḥ satyaṃ satyam uktaṃ maheśvara |,##,67,##,1,$$$
"GherS, 3",##,śāmbhavīṃ yo vijānīyāt sa ca brahma na cānyathā ||,##,67,##,2,$$$
"GherS, 3",##,kathitā śāmbhavī mudrā śṛṇuṣva pañcadhāraṇām |,##,68,##,1,$$$
"GherS, 3",##,dhāraṇāni samāsādya kiṃ na sidhyati bhūtale ||,##,68,##,2,$$$
"GherS, 3",##,anena naradehena svargeṣu gamanāgamam |,##,69,##,1,$$$
"GherS, 3",##,manogatir bhavet tasya khecaratvaṃ na cānyathā ||,##,69,##,2,$$$
"GherS, 3",##,yat tattvaṃ haritāladeśaracitaṃ bhaumaṃ lakārānvitaṃ vedāsraṃ kamalāsanena sahitaṃ kṛtvā hṛdi sthāyinam |,##,70,##,1,$$$
"GherS, 3",##,prāṇaṃ tatra vinīya pañcaghaṭikāś cittānvitaṃ dhārayed eṣā stambhakarī sadā kṣitijayaṃ kuryād adhodhāraṇā ||,##,70,##,2,$$$
"GherS, 3",##,pārthivīdhāraṇāmudrāṃ yaḥ karoti ca nityaśaḥ |,##,71,##,1,$$$
"GherS, 3",##,mṛtyuṃjayaḥ svayaṃ so 'pi sa siddho vicared bhuvi ||,##,71,##,2,$$$
"GherS, 3",##,śaṅkhendupratimaṃ ca kundadhavalaṃ tattvaṃ kilālaṃ śubhaṃ tat pīyūṣavakārabījasahitaṃ yuktaṃ sadā viṣṇunā |,##,72,##,1,$$$
"GherS, 3",##,prāṇaṃ tatra vinīya pañcaghaṭikāś cittānvitaṃ dhārayed eṣā duḥsahatāpapāpaharaṇī syād āmbhasī dhāraṇā ||,##,72,##,2,$$$
"GherS, 3",##,āmbhasīṃ paramāṃ mudrāṃ yo jānāti sa yogavit |,##,73,##,1,$$$
"GherS, 3",##,jale ca gabhīre ghore maraṇaṃ tasya no bhavet ||,##,73,##,2,$$$
"GherS, 3",##,iyaṃ tu paramā mudrā gopanīyā prayatnataḥ |,##,74,##,1,$$$
"GherS, 3",##,prakāśāt siddhihāniḥ syāt satyaṃ vacmi ca tattvataḥ ||,##,74,##,2,$$$
"GherS, 3",##,yan nābhisthitam indragopasadṛśaṃ bījatrikoṇānvitaṃ tattvaṃ tejomayaṃ pradīptam aruṇaṃ rudreṇa yat siddhidam |,##,75,##,1,$$$
"GherS, 3",##,prāṇaṃ tatra vinīya pañcaghaṭikāś cittānvitaṃ dhārayed eṣā kālagabhīrabhītiharaṇī vaiśvānarī dhāraṇā ||,##,75,##,2,$$$
"GherS, 3",##,pradīpte jvalite vahnau yadi patati sādhakaḥ |,##,76,##,1,$$$
"GherS, 3",##,etanmudrāprasādena sa jīvati na mṛtyubhāk ||,##,76,##,2,$$$
"GherS, 3",##,yad bhinnāñjanapuñjasaṃnibham idaṃ dhūmrāvabhāsaṃ paraṃ tattvaṃ sattvamayaṃ yakārasahitaṃ yatreśvaro devatā |,##,77,##,1,$$$
"GherS, 3",##,prāṇaṃ tatra vinīya pañcaghaṭikāś cittānvitaṃ dhārayed eṣā khe gamanaṃ karoti yamināṃ syād vāyavī dhāraṇā ||,##,77,##,2,$$$
"GherS, 3",##,iyaṃ tu paramā mudrā jarāmṛtyuvināśinī |,##,78,##,1,$$$
"GherS, 3",##,vāyunā mriyate nāpi khe ca gatipradāyinī ||,##,78,##,2,$$$
"GherS, 3",##,śaṭhāya bhaktihīnāya na deyā yasya kasyacit |,##,79,##,1,$$$
"GherS, 3",##,datte ca siddhihāniḥ syāt satyaṃ vacmi ca caṇḍa te ||,##,79,##,2,$$$
"GherS, 3",##,yat sindhau varaśuddhavārisadṛśaṃ vyomaṃ paraṃ bhāsitaṃ tattvaṃ devasadāśivena sahitaṃ bījaṃ hakārānvitam |,##,80,##,1,$$$
"GherS, 3",##,prāṇaṃ tatra vinīya pañcaghaṭikāś cittānvitaṃ dhārayed eṣā mokṣakavāṭabhedanakarī tu syān nabhodhāraṇā ||,##,80,##,2,$$$
"GherS, 3",##,ākāśīdhāraṇāṃ mudrāṃ yo vetti sa ca yogavit |,##,81,##,1,$$$
"GherS, 3",##,na mṛtyur jāyate tasya pralaye nāvasīdati ||,##,81,##,2,$$$
"GherS, 3",##,ākuñcayed gudadvāraṃ prakāśayet punaḥ punaḥ |,##,82,##,1,$$$
"GherS, 3",##,sā bhaved aśvinī mudrā śaktiprabodhakāriṇī ||,##,82,##,2,$$$
"GherS, 3",##,aśvinī paramā mudrā guhyarogavināśinī |,##,83,##,1,$$$
"GherS, 3",##,balapuṣṭikarī caiva akālamaraṇaṃ haret ||,##,83,##,2,$$$
"GherS, 3",##,kaṇṭhapṛṣṭhe kṣipet pādau pāśavad dṛḍhabandhanam |,##,84,##,1,$$$
"GherS, 3",##,sā eva pāśinī mudrā śaktiprabodhakāriṇī ||,##,84,##,2,$$$
"GherS, 3",##,pāśinī mahatī mudrā balapuṣṭividhāyinī |,##,85,##,1,$$$
"GherS, 3",##,sādhanīyā prayatnena sādhakaiḥ siddhikāṅkṣibhiḥ ||,##,85,##,2,$$$
"GherS, 3",##,kākacañcuvad āsyena pibed vāyuṃ śanaiḥ śanaiḥ |,##,86,##,1,$$$
"GherS, 3",##,kākī mudrā bhaved eṣā sarvarogavināśinī ||,##,86,##,2,$$$
"GherS, 3",##,kākīmudrā parā mudrā sarvatantreṣu gopitā |,##,87,##,1,$$$
"GherS, 3",##,asyāḥ prasādamātreṇa na rogī kākavad bhavet ||,##,87,##,2,$$$
"GherS, 3",##,kaṇṭhamagnajale sthitvā nāsābhyāṃ jalam āharet |,##,88,##,1,$$$
"GherS, 3",##,mukhān nirgamayet paścāt punar vaktreṇa cāharet ||,##,88,##,2,$$$
"GherS, 3",##,nāsābhyāṃ recayet paścāt kuryād evaṃ punaḥ punaḥ |,##,89,##,1,$$$
"GherS, 3",##,mātaṃginī parā mudrā jarāmṛtyuvināśinī ||,##,89,##,2,$$$
"GherS, 3",##,virale nirjane deśe sthitvā caikāgramānasaḥ |,##,90,##,1,$$$
"GherS, 3",##,kuryān mātaṃginīṃ mudrāṃ mātaṃga iva jāyate ||,##,90,##,2,$$$
"GherS, 3",##,yatra yatra sthito yogī sukham atyantam aśnute |,##,91,##,1,$$$
"GherS, 3",##,tasmāt sarvaprayatnena sādhayen mudrikāṃ parām ||,##,91,##,2,$$$
"GherS, 3",##,vaktraṃ kiṃcit suprasārya cālinaṃ galayā pibet |,##,92,##,1,$$$
"GherS, 3",##,sā bhaved bhujagī mudrā jarāmṛtyuvināśinī ||,##,92,##,2,$$$
"GherS, 3",##,yāvac ca udare rogam ajīrṇādi viśeṣataḥ |,##,93,##,1,$$$
"GherS, 3",##,tat sarvaṃ nāśayed āśu yatra mudrā bhujaṅginī ||,##,93,##,2,$$$
"GherS, 3",##,idaṃ tu mudrāpaṭalaṃ kathitaṃ caṇḍa te śubham |,##,94,##,1,$$$
"GherS, 3",##,vallabhaṃ sarvasiddhānāṃ jarāmaraṇanāśanam ||,##,94,##,2,$$$
"GherS, 3",##,śaṭhāya bhaktihīnāya na deyaṃ yasya kasyacit |,##,95,##,1,$$$
"GherS, 3",##,gopanīyaṃ prayatnena durlabhaṃ marutām api ||,##,95,##,2,$$$
"GherS, 3",##,ṛjave śāntacittāya gurubhaktiparāya ca |,##,96,##,1,$$$
"GherS, 3",##,kulīnāya pradātavyaṃ bhogamuktipradāyakam ||,##,96,##,2,$$$
"GherS, 3",##,mudrāṇāṃ paṭalaṃ hy etat sarvavyādhivināśanam |,##,97,##,1,$$$
"GherS, 3",##,nityam abhyāsaśīlasya jaṭharāgnivivardhanam ||,##,97,##,2,$$$
"GherS, 3",##,na tasya jāyate mṛtyur nāsya jarādikaṃ tathā |,##,98,##,1,$$$
"GherS, 3",##,nāgnijalabhayaṃ tasya vāyor api kuto bhayam ||,##,98,##,2,$$$
"GherS, 3",##,kāsaḥ śvāsaḥ plīhā kuṣṭhaṃ śleṣmarogāś ca viṃśatiḥ |,##,99,##,1,$$$
"GherS, 3",##,mudrāṇāṃ sādhanāc caiva vinaśyanti na saṃśayaḥ ||,##,99,##,2,$$$
"GherS, 3",##,bahunā kim ihoktena sāraṃ vacmi ca caṇḍa te |,##,100,##,1,$$$
"GherS, 3",##,nāsti mudrāsamaṃ kiṃcit siddhidaṃ kṣitimaṇḍale ||,##,100,##,2,$$$
"GherS, 4",##,gheraṇḍa uvāca |,##,1,##,1,$$$
"GherS, 4",##,athātaḥ sampravakṣyāmi pratyāhārakam uttamam |,##,1,##,2,$$$
"GherS, 4",##,yasya vijñānamātreṇa kāmādiripunāśanam ||,##,1,##,3,$$$
"GherS, 4",##,yato yato niścarati manaś cañcalam asthiram |,##,2,##,1,$$$
"GherS, 4",##,tatas tato niyamyaitad ātmany eva vaśaṃ nayet ||,##,2,##,2,$$$
"GherS, 4",##,yatra yatra gatā dṛṣṭir manas tatra pragacchati |,##,3,##,1,$$$
"GherS, 4",##,tataḥ pratyāhared etad ātmany eva vaśaṃ nayet ||,##,3,##,2,$$$
"GherS, 4",##,puraskāraṃ tiraskāraṃ suśrāvyaṃ vā bhayānakam |,##,4,##,1,$$$
"GherS, 4",##,manas tasmān niyamyaitad ātmanyeva vaśaṃ nayet ||,##,4,##,2,$$$
"GherS, 4",##,śītaṃ vāpi tathā coṣṇaṃ yan manaḥsparśayogataḥ |,##,5,##,1,$$$
"GherS, 4",##,tasmāt pratyāhared etad ātmany eva vaśaṃ nayet ||,##,5,##,2,$$$
"GherS, 4",##,sugandhe vāpi durgandhe ghrāṇeṣu jāyate manaḥ |,##,6,##,1,$$$
"GherS, 4",##,tasmāt pratyāhared etad ātmany eva vaśaṃ nayet ||,##,6,##,2,$$$
"GherS, 4",##,madhurāmlakatiktādirasaṃ gataṃ yadā manaḥ |,##,7,##,1,$$$
"GherS, 4",##,tasmāt pratyāhared etad ātmany eva vaśaṃ nayet ||,##,7,##,2,$$$
"GherS, 4",##,śabdādiṣv anuraktāni nigṛhyākṣāṇi yogavit |,##,8,##,1,$$$
"GherS, 4",##,kuryāc cittānucārīṇi pratyāhāraparāyaṇaḥ ||,##,8,##,2,$$$
"GherS, 4",##,vaśyatā paramā tena jāyate 'ticalātmanām |,##,9,##,1,$$$
"GherS, 4",##,indriyāṇām avaśyais tair na yogī yogasādhakaḥ ||,##,9,##,2,$$$
"GherS, 4",##,prāṇāyāmair dahed doṣān dhāraṇābhiś ca kilbiṣam |,##,10,##,1,$$$
"GherS, 4",##,pratyāhāreṇa viṣayān dhyānenānīśvarān guṇān ||,##,10,##,2,$$$
"GherS, 4",##,yathā parvatadhātūnāṃ doṣā dahyanti dhāmyatām |,##,11,##,1,$$$
"GherS, 4",##,tathendriyakṛtā doṣā dahyante prāṇanigrahāt ||,##,11,##,2,$$$
"GherS, 4",##,samaḥ samāsano bhūtvā saṃhṛtya caraṇāv ubhau |,##,12,##,1,$$$
"GherS, 4",##,saṃvṛtāsyas tathaivorū samyag viṣṭabhya cāgrataḥ ||,##,12,##,2,$$$
"GherS, 4",##,pārṣṇibhyāṃ liṅgavṛṣaṇāv aspṛśan prayataḥ sthitaḥ |,##,13,##,1,$$$
"GherS, 4",##,kiṃcid unnāmitaśirā dantair dantān na saṃspṛśet |,##,13,##,2,$$$
"GherS, 4",##,saṃpaśyan nāsikāgraṃ svaṃ diśaś cānavalokayan ||,##,13,##,3,$$$
"GherS, 4",##,rajasā tamaso vṛttiṃ sattvena rajasas tathā |,##,14,##,1,$$$
"GherS, 4",##,saṃchādya nirmale sattve sthito yuñjīta yogavit ||,##,14,##,2,$$$
"GherS, 4",##,indriyāṇīndriyārthebhyaḥ prāṇādīn mana eva ca |,##,15,##,1,$$$
"GherS, 4",##,nigṛhya samavāyena pratyāhāram upakramet ||,##,15,##,2,$$$
"GherS, 4",##,yas tu pratyāharet kāmān sarvāṅgān iva kacchapaḥ |,##,16,##,1,$$$
"GherS, 4",##,sadātmaratir ekasthaḥ paśyaty ātmānam ātmani ||,##,16,##,2,$$$
"GherS, 4",##,sa bāhyābhyantaraṃ śaucaṃ niṣpādyākaṇṭhanābhitaḥ |,##,17,##,1,$$$
"GherS, 4",##,pūrayitvā budho dehaṃ pratyāhāram upakramet ||,##,17,##,2,$$$
"GherS, 4",##,tathā vai yogayuktasya yogino niyatātmanaḥ |,##,18,##,1,$$$
"GherS, 4",##,sarve doṣāḥ praṇaśyanti svasthaś caivopajāyate ||,##,18,##,2,$$$
"GherS, 5",##,gheraṇḍa uvāca |,##,1,##,1,$$$
"GherS, 5",##,athātaḥ sampravakṣyāmi prāṇāyāmasya yad vidhim |,##,1,##,2,$$$
"GherS, 5",##,yasya sādhanamātreṇa devatulyo bhaven naraḥ ||,##,1,##,3,$$$
"GherS, 5",##,ādau sthānaṃ tathā kālaṃ mitāhāraṃ tathāparam |,##,2,##,1,$$$
"GherS, 5",##,nāḍīśuddhiṃ tataḥ paścāt prāṇāyāmaṃ ca sādhayet ||,##,2,##,2,$$$
"GherS, 5",##,dūradeśe tathāraṇye rājadhānyāṃ janāntike |,##,3,##,1,$$$
"GherS, 5",##,yogārambhaṃ na kurvīta kṛtaś cet siddhihā bhavet ||,##,3,##,2,$$$
"GherS, 5",##,aviśvāsaṃ dūradeśe araṇye bhakṣavarjitam |,##,4,##,1,$$$
"GherS, 5",##,lokāraṇye prakāśaś ca tasmāt trīṇi vivarjayet ||,##,4,##,2,$$$
"GherS, 5",##,sudeśe dhārmike rājye subhikṣe nirupadrave |,##,5,##,1,$$$
"GherS, 5",##,tatraikaṃ kuṭiraṃ kṛtvā prācīraiḥ pariveṣṭayet ||,##,5,##,2,$$$
"GherS, 5",##,vāpīkūpataḍāgaṃ ca prācīramadhyavarti ca |,##,6,##,1,$$$
"GherS, 5",##,nātyuccaṃ nātinīcaṃ vā kuṭiraṃ kīṭavarjitam ||,##,6,##,2,$$$
"GherS, 5",##,samyag gomayaliptaṃ ca kuṭiraṃ randhravarjitam |,##,7,##,1,$$$
"GherS, 5",##,evaṃ sthāne hi gupte ca prāṇāyāmaṃ samabhyaset ||,##,7,##,2,$$$
"GherS, 5",##,hemante śiśire grīṣme varṣāyāṃ ca ṛtau tathā |,##,8,##,1,$$$
"GherS, 5",##,yogārambhaṃ na kurvīta kṛte yogo hi rogadaḥ ||,##,8,##,2,$$$
"GherS, 5",##,vasante śaradi proktaṃ yogārambhaṃ samācaret |,##,9,##,1,$$$
"GherS, 5",##,tadā yogo bhavet siddho rogān mukto bhaved dhruvam ||,##,9,##,2,$$$
"GherS, 5",##,caitrādiphālgunānte ca māghādiphālgunāntike |,##,10,##,1,$$$
"GherS, 5",##,dvau dvau māsau ṛtubhāgau anubhāvaś catuś catuḥ ||,##,10,##,2,$$$
"GherS, 5",##,vasantaś caitravaiśākhau jyeṣṭhāṣāḍhau ca grīṣmakau |,##,11,##,1,$$$
"GherS, 5",##,varṣā śrāvaṇabhādrābhyāṃ śarad āśvinakārttikau |,##,11,##,2,$$$
"GherS, 5",##,mārgapauṣau ca hemantaḥ śiśiro māghaphālgunau ||,##,11,##,3,$$$
"GherS, 5",##,anubhāvaṃ pravakṣyāmi ṛtūnāṃ ca yathoditam |,##,12,##,1,$$$
"GherS, 5",##,māghādimādhavānte hi vasantānubhavaś catuḥ ||,##,12,##,2,$$$
"GherS, 5",##,caitrādi cāṣāḍhāntaṃ ca grīṣmaś cānubhavaś catuḥ |,##,13,##,1,$$$
"GherS, 5",##,āṣāḍhādi cāśvināntaṃ varṣā cānubhavaś catuḥ ||,##,13,##,2,$$$
"GherS, 5",##,bhādrādimārgaśīrṣāntaṃ śarado 'nubhavaś catuḥ |,##,14,##,1,$$$
"GherS, 5",##,kārttikādimāghamāsāntaṃ hemantānubhavaś catuḥ |,##,14,##,2,$$$
"GherS, 5",##,mārgādīṃś caturo māsāñ śiśirānubhavaṃ viduḥ ||,##,14,##,3,$$$
"GherS, 5",##,vasante vāpi śaradi yogārambhaṃ tu samācaret |,##,15,##,1,$$$
"GherS, 5",##,tadā yogo bhavet siddho vināyāsena kathyate ||,##,15,##,2,$$$
"GherS, 5",##,mitāhāraṃ vinā yas tu yogārambhaṃ tu kārayet |,##,16,##,1,$$$
"GherS, 5",##,nānārogo bhavet tasya kiṃcid yogo na sidhyati ||,##,16,##,2,$$$
"GherS, 5",##,śālyannaṃ yavapiṇḍaṃ vā godhūmapiṇḍakaṃ tathā |,##,17,##,1,$$$
"GherS, 5",##,mudgaṃ māṣacaṇakādi śubhraṃ ca tuṣavarjitam ||,##,17,##,2,$$$
"GherS, 5",##,paṭolaṃ panasaṃ mānaṃ kakkolaṃ ca śukāśakam |,##,18,##,1,$$$
"GherS, 5",##,drāḍhikāṃ karkaṭīṃ rambhāṃ ḍumbarīṃ kaṇṭakaṇṭakam ||,##,18,##,2,$$$
"GherS, 5",##,āmarambhāṃ bālarambhāṃ rambhādaṇḍaṃ ca mūlakam |,##,19,##,1,$$$
"GherS, 5",##,vārttākīṃ mūlakam ṛddhiṃ yogī bhakṣaṇam ācaret ||,##,19,##,2,$$$
"GherS, 5",##,bālaśākaṃ kālaśākaṃ tathā paṭolapatrakam |,##,20,##,1,$$$
"GherS, 5",##,pañcaśākaṃ praśaṃsīyād vāstūkaṃ hilamocikām ||,##,20,##,2,$$$
"GherS, 5",##,śuddhaṃ sumadhuraṃ snigdham udarārdhavivarjitam |,##,21,##,1,$$$
"GherS, 5",##,bhujyate surasaṃprītyā mitāhāram imaṃ viduḥ ||,##,21,##,2,$$$
"GherS, 5",##,annena pūrayed ardhaṃ toyena tu tṛtīyakam |,##,22,##,1,$$$
"GherS, 5",##,udarasya turīyāṃśaṃ saṃrakṣed vāyucāraṇe ||,##,22,##,2,$$$
"GherS, 5",##,kaṭv amlaṃ lavaṇaṃ tiktaṃ bhṛṣṭaṃ ca dadhi takrakam |,##,23,##,1,$$$
"GherS, 5",##,śākotkaṭaṃ tathā madyaṃ tālaṃ ca panasaṃ tathā ||,##,23,##,2,$$$
"GherS, 5",##,kulatthaṃ masūraṃ pāṇḍuṃ kūṣmāṇḍaṃ śākadaṇḍakam |,##,24,##,1,$$$
"GherS, 5",##,tumbīkolakapitthaṃ ca kaṇṭabilvaṃ palāśakam ||,##,24,##,2,$$$
"GherS, 5",##,kadambaṃ jambīraṃ bimbaṃ lakucaṃ laśunaṃ viṣam |,##,25,##,1,$$$
"GherS, 5",##,kāmaraṅgaṃ piyālaṃ ca hiṅguśālmalikemukam ||,##,25,##,2,$$$
"GherS, 5",##,yogārambhe varjayec ca pathastrīvahnisevanam |,##,26,##,1,$$$
"GherS, 5",##,navanītaṃ ghṛtaṃ kṣīraṃ guḍaṃ śarkarādi caikṣavam ||,##,26,##,2,$$$
"GherS, 5",##,pakvarambhāṃ nārikelaṃ dāḍimbam aśivāsavam |,##,27,##,1,$$$
"GherS, 5",##,drākṣāṃ tu lavalīṃ dhātrīṃ rasam amlavivarjitam ||,##,27,##,2,$$$
"GherS, 5",##,elājātilavaṅgaṃ ca pauruṣaṃ jambu jāmbalam |,##,28,##,1,$$$
"GherS, 5",##,harītakīṃ kharjūraṃ ca yogī bhakṣaṇam ācaret ||,##,28,##,2,$$$
"GherS, 5",##,laghupākaṃ priyaṃ snigdhaṃ tathā dhātuprapoṣaṇam |,##,29,##,1,$$$
"GherS, 5",##,mano'bhilaṣitaṃ yogyaṃ yogī bhojanam ācaret ||,##,29,##,2,$$$
"GherS, 5",##,kāṭhinyaṃ duritaṃ pūtim uṣṇaṃ paryuṣitaṃ tathā |,##,30,##,1,$$$
"GherS, 5",##,atiśītaṃ cāti coṣṇaṃ bhakṣyaṃ yogī vivarjayet ||,##,30,##,2,$$$
"GherS, 5",##,prātaḥsnānopavāsādi kāyakleśavidhiṃ tathā |,##,31,##,1,$$$
"GherS, 5",##,ekāhāraṃ nirāhāraṃ yāmānte ca na kārayet ||,##,31,##,2,$$$
"GherS, 5",##,evaṃ vidhividhānena prāṇāyāmaṃ samācaret |,##,32,##,1,$$$
"GherS, 5",##,ārambhe prathame kuryāt kṣīrādyaṃ nityabhojanam |,##,32,##,2,$$$
"GherS, 5",##,madhyāhne caiva sāyāhne bhojanadvayam ācaret ||,##,32,##,3,$$$
"GherS, 5",##,kuśāsane mṛgājine vyāghrājine ca kambale |,##,33,##,1,$$$
"GherS, 5",##,sthūlāsane samāsīnaḥ prāṅmukho vāpyudaṅmukhaḥ |,##,33,##,2,$$$
"GherS, 5",##,nāḍīśuddhiṃ samāsādya prāṇāyāmaṃ samabhyaset ||,##,33,##,3,$$$
"GherS, 5",##,caṇḍakāpālir uvāca |,##,34,##,1,$$$
"GherS, 5",##,nāḍīśuddhiṃ kathaṃ kuryān nāḍīśuddhis tu kīdṛśī |,##,34,##,2,$$$
"GherS, 5",##,tat sarvaṃ śrotum icchāmi tad vadasva dayānidhe ||,##,34,##,3,$$$
"GherS, 5",##,gheraṇḍa uvāca |,##,35,##,1,$$$
"GherS, 5",##,malākulāsu nāḍīṣu māruto naiva gacchati |,##,35,##,2,$$$
"GherS, 5",##,prāṇāyāmaḥ kathaṃ sidhyet tattvajñānaṃ kathaṃ bhavet |,##,35,##,3,$$$
"GherS, 5",##,tasmād ādau nāḍīśuddhiṃ prāṇāyāmaṃ tato 'bhyaset ||,##,35,##,4,$$$
"GherS, 5",##,nāḍīśuddhir dvidhā proktā samanur nirmanus tathā |,##,36,##,1,$$$
"GherS, 5",##,bījena samanuṃ kuryān nirmanuṃ dhautikarmaṇi ||,##,36,##,2,$$$
"GherS, 5",##,dhautikarma purā proktaṃ ṣaṭkarmasādhane yathā |,##,37,##,1,$$$
"GherS, 5",##,śṛṇuṣva samanuṃ caṇḍa nāḍīśuddhir yathā bhavet ||,##,37,##,2,$$$
"GherS, 5",##,upaviśyāsane yogī padmāsanaṃ samācaret |,##,38,##,1,$$$
"GherS, 5",##,gurvādinyāsanaṃ kṛtvā yathaiva gurubhāṣitam |,##,38,##,2,$$$
"GherS, 5",##,nāḍīśuddhiṃ prakurvīta prāṇāyāmaviśuddhaye ||,##,38,##,3,$$$
"GherS, 5",##,vāyubījaṃ tato dhyātvā dhūmravarṇaṃ satejasam |,##,39,##,1,$$$
"GherS, 5",##,candreṇa pūrayed vāyuṃ bījaṃ ṣoḍaśakaiḥ sudhīḥ ||,##,39,##,2,$$$
"GherS, 5",##,catuḥṣaṣṭyā mātrayā ca kumbhakenaiva dhārayet |,##,40,##,1,$$$
"GherS, 5",##,dvātriṃśanmātrayā vāyuṃ sūryanāḍyā ca recayet ||,##,40,##,2,$$$
"GherS, 5",##,nābhimūlād vahnim utthāpya dhyāyet tejo 'vanīyutam |,##,41,##,1,$$$
"GherS, 5",##,vahnibījaṃ ṣoḍaśena sūryanāḍyā ca pūrayet ||,##,41,##,2,$$$
"GherS, 5",##,catuḥṣaṣṭyā mātrayā ca kumbhakenaiva dhārayet |,##,42,##,1,$$$
"GherS, 5",##,dvātriṃśanmātrayā vāyuṃ śaśināḍyā ca recayet ||,##,42,##,2,$$$
"GherS, 5",##,nāsāgre śaśadhṛgbimbaṃ dhyātvā jyotsnāsamanvitam |,##,43,##,1,$$$
"GherS, 5",##,ṭhaṃ bījaṃ ṣoḍaśenaiva iḍayā pūrayen marut ||,##,43,##,2,$$$
"GherS, 5",##,catuḥṣaṣṭyā mātrayā ca kumbhakenaiva dhārayet |,##,44,##,1,$$$
"GherS, 5",##,amṛtaplāvitaṃ dhyātvā prāṇāyāmaṃ samabhyaset ||,##,44,##,2,$$$
"GherS, 5",##,evaṃ bījaṃ ṣoḍaśenaiva sūryanāḍyā ca pūrayet |,##,45,##,1,$$$
"GherS, 5",##,dvātriṃśena lakāreṇa dṛḍhaṃ bhāvyaṃ virecayet ||,##,45,##,2,$$$
"GherS, 5",##,evaṃvidhāṃ nāḍīśuddhiṃ kṛtvā nāḍīṃ viśodhayet |,##,46,##,1,$$$
"GherS, 5",##,dṛḍho bhūtvāsanaṃ kṛtvā prāṇāyāmaṃ samācaret ||,##,46,##,2,$$$
"GherS, 5",##,sahitaḥ sūryabhedaś ca ujjāyī śītalī tathā |,##,47,##,1,$$$
"GherS, 5",##,bhastrikā bhrāmarī mūrchā kevalī cāṣṭa kumbhikāḥ ||,##,47,##,2,$$$
"GherS, 5",##,sahitau dvividhau proktau prāṇāyāmaṃ samācaret |,##,48,##,1,$$$
"GherS, 5",##,sagarbho bījam uccārya nirgarbho bījavarjitaḥ |,##,48,##,2,$$$
"GherS, 5",##,prāṇāyāmaṃ sagarbhaṃ ca prathamaṃ kathayāmi te ||,##,48,##,3,$$$
"GherS, 5",##,sukhāsane copaviśya prāṅmukho vāpy udaṅmukhaḥ |,##,49,##,1,$$$
"GherS, 5",##,dhyāyed vidhiṃ rajoguṇaṃ raktavarṇam avarṇakam ||,##,49,##,2,$$$
"GherS, 5",##,iḍayā pūrayed vāyuṃ mātrayā ṣoḍaśaiḥ sudhīḥ |,##,50,##,1,$$$
"GherS, 5",##,pūrakānte kumbhakādye kartavyas tūḍḍīyānakaḥ ||,##,50,##,2,$$$
"GherS, 5",##,sattvamayaṃ hariṃ dhyātvā ukāraiḥ śuklavarṇakaiḥ |,##,51,##,1,$$$
"GherS, 5",##,catuḥṣaṣṭyā ca mātrayā anilaṃ kumbhakaṃ caret |,##,51,##,2,$$$
"GherS, 5",##,kumbhakānte recakādye kartavyaṃ ca jālaṃdharam ||,##,51,##,3,$$$
"GherS, 5",##,rudraṃ tamoguṇaṃ dhyātvā makāraiḥ kṛṣṇavarṇakaiḥ |,##,52,##,1,$$$
"GherS, 5",##,dvātriṃśanmātrayā caiva recayed vidhinā punaḥ ||,##,52,##,2,$$$
"GherS, 5",##,punaḥ piṅgalayāpūrya kumbhakenaiva dhārayet |,##,53,##,1,$$$
"GherS, 5",##,iḍayā recayet paścāt tadbījena krameṇa tu ||,##,53,##,2,$$$
"GherS, 5",##,anulomavilomena vāraṃ vāraṃ ca sādhayet |,##,54,##,1,$$$
"GherS, 5",##,pūrakānte kumbhakādye dhṛtaṃ nāsāpuṭadvayam |,##,54,##,2,$$$
"GherS, 5",##,kaniṣṭhānāmikāṅguṣṭhais tarjanīmadhyame vinā ||,##,54,##,3,$$$
"GherS, 5",##,prāṇāyāmaṃ nigarbhaṃ tu vinā bījena jāyate |,##,55,##,1,$$$
"GherS, 5",##,vāmajānūparinyastavāmapāṇitalaṃ bhramet |,##,55,##,2,$$$
"GherS, 5",##,mātrādiśataparyantaṃ pūrakumbhakarecanam ||,##,55,##,3,$$$
"GherS, 5",##,uttamā viṃśatir mātrā madhyamā ṣoḍaśī smṛtā |,##,56,##,1,$$$
"GherS, 5",##,adhamā dvādaśī mātrā prāṇāyāmās tridhā smṛtāḥ ||,##,56,##,2,$$$
"GherS, 5",##,adhamāj jāyate gharmo merukampaś ca madhyamāt |,##,57,##,1,$$$
"GherS, 5",##,uttamāc ca bhūmityāgas trividhaṃ siddhilakṣaṇam ||,##,57,##,2,$$$
"GherS, 5",##,prāṇāyāmāt khecaratvaṃ prāṇāyāmād roganāśanam |,##,58,##,1,$$$
"GherS, 5",##,prāṇāyāmād bodhayec chaktiṃ prāṇāyāmān manonmanī |,##,58,##,2,$$$
"GherS, 5",##,ānando jāyate citte prāṇāyāmī sukhī bhavet ||,##,58,##,3,$$$
"GherS, 5",##,kathitaṃ sahitaṃ kumbhaṃ sūryabhedanakaṃ śṛṇu |,##,59,##,1,$$$
"GherS, 5",##,pūrayet sūryanāḍyā ca yathāśakti bahirmarut ||,##,59,##,2,$$$
"GherS, 5",##,dhārayed bahuyatnena kumbhakena jalaṃdharaiḥ |,##,60,##,1,$$$
"GherS, 5",##,yāvat svedaṃ nakhakeśābhyāṃ tāvat kurvantu kumbhakam ||,##,60,##,2,$$$
"GherS, 5",##,prāṇo 'pānaḥ samānaś codānavyānau ca vāyavaḥ |,##,61,##,1,$$$
"GherS, 5",##,nāgaḥ kūrmaś ca kṛkaro devadatto dhanaṃjayaḥ ||,##,61,##,2,$$$
"GherS, 5",##,hṛdi prāṇo vahen nityam apāno gudamaṇḍale |,##,62,##,1,$$$
"GherS, 5",##,samāno nābhideśe tu udānaḥ kaṇṭhamadhyagaḥ |,##,62,##,2,$$$
"GherS, 5",##,vyāno vyāpya śarīre tu pradhānāḥ pañca vāyavaḥ ||,##,62,##,3,$$$
"GherS, 5",##,prāṇādyāḥ pañca vikhyātā nāgādyāḥ pañca vāyavaḥ |,##,63,##,1,$$$
"GherS, 5",##,teṣām api ca pañcānāṃ sthānāni ca vadāmy aham ||,##,63,##,2,$$$
"GherS, 5",##,udgāre nāga ākhyātaḥ kūrmas tūnmīlane smṛtaḥ |,##,64,##,1,$$$
"GherS, 5",##,kṛkaraḥ kṣuttṛṣe jñeyo devadatto vijṛmbhaṇe |,##,64,##,2,$$$
"GherS, 5",##,na jahāti mṛte kvāpi sarvavyāpī dhanaṃjayaḥ ||,##,64,##,3,$$$
"GherS, 5",##,nāgo gṛhṇāti caitanyaṃ kūrmaś caiva nimeṣaṇam |,##,65,##,1,$$$
"GherS, 5",##,kṣuttṛṣaṃ kṛkaraś caiva jṛmbhaṇaṃ caturthena tu |,##,65,##,2,$$$
"GherS, 5",##,bhaved dhanaṃjayāc chabdaṃ kṣaṇamātraṃ na niḥsaret ||,##,65,##,3,$$$
"GherS, 5",##,sarvaṃ ca sūryakaṃ bhitvā nābhimūlāt samuddharet ||,##,66,##,1,$$$
"GherS, 5",##,iḍayā recayet paścād dhairyeṇākhaṇḍavegataḥ |,##,67,##,1,$$$
"GherS, 5",##,punaḥ sūryeṇa cākṛṣya kumbhayitvā yathāvidhi ||,##,67,##,2,$$$
"GherS, 5",##,recayitvā sādhayet tu krameṇa ca punaḥ punaḥ |,##,68,##,1,$$$
"GherS, 5",##,kumbhakaḥ sūryabhedas tu jarāmṛtyuvināśakaḥ ||,##,68,##,2,$$$
"GherS, 5",##,bodhayet kuṇḍalīṃ śaktiṃ dehānalavivardhanam |,##,69,##,1,$$$
"GherS, 5",##,iti te kathitaṃ caṇḍa sūryabhedanam uttamam ||,##,69,##,2,$$$
"GherS, 5",##,nāsābhyāṃ vāyum ākṛṣya mukhamadhye ca dhārayet |,##,70,##,1,$$$
"GherS, 5",##,hṛdgalābhyāṃ samākṛṣya vāyuṃ vaktreṇa dhārayet ||,##,70,##,2,$$$
"GherS, 5",##,mukhaṃ praphullaṃ saṃrakṣya kuryāj jālaṃdharaṃ tataḥ |,##,71,##,1,$$$
"GherS, 5",##,āśakti kumbhakaṃ kṛtvā dhārayed avirodhataḥ ||,##,71,##,2,$$$
"GherS, 5",##,ujjāyīkumbhakaṃ kṛtvā sarvakāryāṇi sādhayet |,##,72,##,1,$$$
"GherS, 5",##,na bhavet kapharogaś ca krūravāyur ajīrṇakam ||,##,72,##,2,$$$
"GherS, 5",##,āmavātaḥ kṣayaḥ kāso jvaraplīhā na jāyate |,##,73,##,1,$$$
"GherS, 5",##,jarāmṛtyuvināśāya cojjāyīṃ sādhayen naraḥ ||,##,73,##,2,$$$
"GherS, 5",##,jihvayā vāyum ākṛṣya udare pūrayec chanaiḥ |,##,74,##,1,$$$
"GherS, 5",##,kṣaṇaṃ ca kumbhakaṃ kṛtvā nāsābhyāṃ recayet punaḥ ||,##,74,##,2,$$$
"GherS, 5",##,sarvadā sādhayed yogī śītalīkumbhakaṃ śubham |,##,75,##,1,$$$
"GherS, 5",##,ajīrṇaṃ kaphapittaṃ ca naiva tasya prajāyate |,##,75,##,2,$$$
"GherS, 5",##,tato vāyuṃ ca nāsābhyām ubhābhyāṃ cālayec chanaiḥ ||,##,75,##,3,$$$
"GherS, 5",##,evaṃ viṃśativāraṃ ca kṛtvā kuryācca kumbhakam |,##,76,##,1,$$$
"GherS, 5",##,tadante cālayed vāyuṃ pūrvoktaṃ ca yathāvidhi ||,##,76,##,2,$$$
"GherS, 5",##,trivāraṃ sādhayed enaṃ bhastrikākumbhakaṃ sudhīḥ |,##,77,##,1,$$$
"GherS, 5",##,na ca rogo na ca kleśa ārogyaṃ ca dine dine ||,##,77,##,2,$$$
"GherS, 5",##,ardharātre gate yogī jantūnāṃ śabdavarjite |,##,78,##,1,$$$
"GherS, 5",##,karṇau nidhāya hastābhyāṃ kuryāt pūrakam uttamam ||,##,78,##,2,$$$
"GherS, 5",##,śṛṇuyād dakṣiṇe karṇe nādam antargataṃ sudhīḥ |,##,79,##,1,$$$
"GherS, 5",##,prathamaṃ jhiñjhīnādaṃ ca vaṃśīnādaṃ tataḥ param |,##,79,##,2,$$$
"GherS, 5",##,meghaghargharabhrāmarī ca ghaṇṭākāṃsyaṃ tataḥ param ||,##,79,##,3,$$$
"GherS, 5",##,turībherīmṛdaṅgādininādānakadundubhiḥ |,##,80,##,1,$$$
"GherS, 5",##,evaṃ nānāvidho nādo jāyate nityam abhyāsāt ||,##,80,##,2,$$$
"GherS, 5",##,anāhatasya śabdasya tasya śabdasya yo dhvaniḥ |,##,81,##,1,$$$
"GherS, 5",##,dhvaner antargataṃ jyotir jyotirantargataṃ manaḥ ||,##,81,##,2,$$$
"GherS, 5",##,tasmiṃs tu vilayaṃ yāti tad viṣṇoḥ paramaṃ padam |,##,82,##,1,$$$
"GherS, 5",##,evaṃ bhrāmarīsaṃsiddhiḥ samādhisiddhim āpnuyāt ||,##,82,##,2,$$$
"GherS, 5",##,mukhe ca kumbhakaṃ kṛtvā bhruvor antargataṃ manaḥ |,##,83,##,1,$$$
"GherS, 5",##,saṃtyajya viṣayān sarvān manomūrchā sukhapradā ||,##,83,##,2,$$$
"GherS, 5",##,ātmani manasaṃyogād ānandaṃ jāyate dhruvam |,##,84,##,1,$$$
"GherS, 5",##,evaṃ nānāvidhānando jāyate nityam abhyāsāt |,##,84,##,2,$$$
"GherS, 5",##,evam abhyāsayogena samādhisiddhim āpnuyāt ||,##,84,##,3,$$$
"GherS, 5",##,bhujaṅginyāḥ śvāsavaśād ajapā jāyate nanu |,##,85,##,1,$$$
"GherS, 5",##,haṃkāreṇa bahir yāti saḥkāreṇa viśet punaḥ ||,##,85,##,2,$$$
"GherS, 5",##,ṣaṭśatāni divārātrau sahasrāṇy ekaviṃśatiḥ |,##,86,##,1,$$$
"GherS, 5",##,ajapāṃ nāma gāyatrīṃ jīvo japati sarvadā ||,##,86,##,2,$$$
"GherS, 5",##,mūlādhāre yathā haṃsas tathā hi hṛdi paṅkaje |,##,87,##,1,$$$
"GherS, 5",##,tathā nāsāpuṭadvaṃdve triveṇīsaṃgamāgamam ||,##,87,##,2,$$$
"GherS, 5",##,ṣaṇṇavatyaṅgulīmānaṃ śarīraṃ karmarūpakam |,##,88,##,1,$$$
"GherS, 5",##,dehād bahirgato vāyuḥ svabhāvād dvādaśāṅguliḥ ||,##,88,##,2,$$$
"GherS, 5",##,śayane ṣoḍaśāṅgulyo bhojane viṃśatis tathā |,##,89,##,1,$$$
"GherS, 5",##,caturviṃśāṅguliḥ panthe nidrāyāṃ triṃśadaṅguliḥ |,##,89,##,2,$$$
"GherS, 5",##,maithune ṣaṭtriṃśad uktaṃ vyāyāme ca tato 'dhikam ||,##,89,##,3,$$$
"GherS, 5",##,svabhāve 'sya gater nyūne param āyuḥ pravardhate |,##,90,##,1,$$$
"GherS, 5",##,āyuḥkṣayo 'dhike prokto mārute cāntarād gate ||,##,90,##,2,$$$
"GherS, 5",##,tasmāt prāṇe sthite dehe maraṇaṃ naiva jāyate |,##,91,##,1,$$$
"GherS, 5",##,vāyunā ghaṭasambandhe bhavet kevalakumbhakaḥ ||,##,91,##,2,$$$
"GherS, 5",##,yāvaj jīvaṃ japen mantram ajapāsaṃkhyakevalam |,##,92,##,1,$$$
"GherS, 5",##,adyāvadhi dhṛtaṃ saṃkhyāvibhramaṃ kevalīkṛte ||,##,92,##,2,$$$
"GherS, 5",##,ata eva hi kartavyaḥ kevalīkumbhako naraiḥ |,##,93,##,1,$$$
"GherS, 5",##,kevalī cājapāsaṃkhyā dviguṇā ca manonmanī ||,##,93,##,2,$$$
"GherS, 5",##,nāsābhyāṃ vāyum ākṛṣya kevalaṃ kumbhakaṃ caret |,##,94,##,1,$$$
"GherS, 5",##,ekādikacatuḥṣaṣṭiṃ dhārayet prathame dine ||,##,94,##,2,$$$
"GherS, 5",##,kevalīm aṣṭadhā kuryād yāme yāme dine dine |,##,95,##,1,$$$
"GherS, 5",##,athavā pañcadhā kuryād yathā tat kathayāmi te ||,##,95,##,2,$$$
"GherS, 5",##,prātar madhyāhnasāyāhne madhyarātre caturthake |,##,96,##,1,$$$
"GherS, 5",##,trisaṃdhyam athavā kuryāt samamāne dine dine ||,##,96,##,2,$$$
"GherS, 5",##,pañcavāraṃ dine vṛddhir vāraikaṃ ca dine tathā |,##,97,##,1,$$$
"GherS, 5",##,ajapāparimāṇe ca yāvat siddhiḥ prajāyate ||,##,97,##,2,$$$
"GherS, 5",##,prāṇāyāmaṃ kevalīṃ nāma tadā vadati yogavit |,##,98,##,1,$$$
"GherS, 5",##,kumbhake kevale siddhe kiṃ na sidhyati bhūtale ||,##,98,##,2,$$$
"GherS, 6",##,gheraṇḍa uvāca |,##,1,##,1,$$$
"GherS, 6",##,sthūlaṃ jyotis tathā sūkṣmaṃ dhyānasya trividhaṃ viduḥ |,##,1,##,2,$$$
"GherS, 6",##,sthūlaṃ mūrtimayaṃ proktaṃ jyotis tejomayaṃ tathā |,##,1,##,3,$$$
"GherS, 6",##,sūkṣmaṃ bindumayaṃ brahma kuṇḍalī paradevatā ||,##,1,##,4,$$$
"GherS, 6",##,svakīyahṛdaye dhyāyet sudhāsāgaram uttamam |,##,2,##,1,$$$
"GherS, 6",##,tanmadhye ratnadvīpaṃ tu suratnavālukāmayam ||,##,2,##,2,$$$
"GherS, 6",##,caturdikṣu nīpataruṃ bahupuṣpasamanvitam |,##,3,##,1,$$$
"GherS, 6",##,nīpopavanasaṃkulair veṣṭitaṃ paritā iva ||,##,3,##,2,$$$
"GherS, 6",##,mālatīmallikājātīkesaraiś campakais tathā |,##,4,##,1,$$$
"GherS, 6",##,pārijātaiḥ sthalapadmair gandhāmoditadiṅmukhaiḥ ||,##,4,##,2,$$$
"GherS, 6",##,tanmadhye saṃsmared yogī kalpavṛkṣaṃ manoramam |,##,5,##,1,$$$
"GherS, 6",##,catuḥśākhācaturvedaṃ nityapuṣpaphalānvitam ||,##,5,##,2,$$$
"GherS, 6",##,bhramarāḥ kokilās tatra guñjanti nigadanti ca |,##,6,##,1,$$$
"GherS, 6",##,dhyāyet tatra sthiro bhūtvā mahāmāṇikyamaṇḍapam ||,##,6,##,2,$$$
"GherS, 6",##,tanmadhye tu smared yogī paryaṅkaṃ sumanoharam |,##,7,##,1,$$$
"GherS, 6",##,tatreṣṭadevatāṃ dhyāyed yad dhyānaṃ gurubhāṣitam ||,##,7,##,2,$$$
"GherS, 6",##,yasya devasya yad rūpaṃ yathā bhūṣaṇavāhanam |,##,8,##,1,$$$
"GherS, 6",##,tad rūpaṃ dhyāyate nityaṃ sthūladhyānam idaṃ viduḥ ||,##,8,##,2,$$$
"GherS, 6",##,sahasrāramahāpadme karṇikāyāṃ vicintayet |,##,9,##,1,$$$
"GherS, 6",##,vilagnasahitaṃ padmaṃ dvādaśair dalasaṃyutam ||,##,9,##,2,$$$
"GherS, 6",##,śubhravarṇaṃ mahātejo dvādaśair bījabhāṣitam |,##,10,##,1,$$$
"GherS, 6",##,sahakṣamavalariyuṃ haṃsaśaktiṃ yathākramam ||,##,10,##,2,$$$
"GherS, 6",##,tanmadhye karṇikāyāṃ tu akathādirekhātrayam |,##,11,##,1,$$$
"GherS, 6",##,halakṣakoṇasaṃyuktaṃ praṇavaṃ tatra vartate ||,##,11,##,2,$$$
"GherS, 6",##,nādabindumayaṃ pīṭhaṃ dhyāyet tatra manoharam |,##,12,##,1,$$$
"GherS, 6",##,tatropari haṃsayugmaṃ pādukā tatra vartate ||,##,12,##,2,$$$
"GherS, 6",##,dhyāyet tatra guruṃ devaṃ vibhujaṃ ca trilocanam |,##,13,##,1,$$$
"GherS, 6",##,śvetāmbaradharaṃ devaṃ śuklagandhānulepanam ||,##,13,##,2,$$$
"GherS, 6",##,śuklapuṣpamayaṃ mālyaṃ raktaśaktisamanvitam |,##,14,##,1,$$$
"GherS, 6",##,evaṃvidhagurudhyānāt sthūladhyānaṃ prasidhyati ||,##,14,##,2,$$$
"GherS, 6",##,kathitaṃ sthūladhyānaṃ tu tejodhyānaṃ śṛṇuṣva me |,##,15,##,1,$$$
"GherS, 6",##,yad dhyānena yogasiddhir ātmapratyakṣam eva ca |,##,15,##,2,$$$
"GherS, 6",##,mūlādhāre kuṇḍalinī bhujagākārarūpiṇī ||,##,15,##,3,$$$
"GherS, 6",##,jīvātmā tiṣṭhati tatra pradīpakalikākṛtiḥ |,##,16,##,1,$$$
"GherS, 6",##,dhyāyet tejomayaṃ brahma tejodhyānaṃ tad eva hi ||,##,16,##,2,$$$
"GherS, 6",##,nābhimūle sthitaṃ sūrya [... au6 Zeichenjh] |,##,17,##,1,$$$
"GherS, 6",##,dhyāyet tejo mahad vyāptaṃ tejodhyānaṃ tad eva hi ||,##,17,##,2,$$$
"GherS, 6",##,bhruvor madhye manordhve ca yat tejaḥ praṇavātmakam |,##,18,##,1,$$$
"GherS, 6",##,dhyāyej jvālāvalīyuktaṃ tejodhyānaṃ tad eva hi ||,##,18,##,2,$$$
"GherS, 6",##,tejodhyānaṃ śrutaṃ caṇḍa sūkṣmadhyānaṃ vadāmy aham |,##,19,##,1,$$$
"GherS, 6",##,bahubhāgyavaśād yasya kuṇḍalī jāgratī bhavet ||,##,19,##,2,$$$
"GherS, 6",##,ātmanā saha yogena netrarandhrād vinirgatā |,##,20,##,1,$$$
"GherS, 6",##,vihared rājamārge ca cañcalatvān na dṛśyate ||,##,20,##,2,$$$
"GherS, 6",##,śāmbhavīmudrayā yogī dhyānayogena sidhyati |,##,21,##,1,$$$
"GherS, 6",##,sūkṣmadhyānam idaṃ gopyaṃ devānām api durlabham ||,##,21,##,2,$$$
"GherS, 6",##,sthūladhyānāc chataguṇaṃ tejodhyānaṃ pracakṣate |,##,22,##,1,$$$
"GherS, 6",##,tejodhyānāl lakṣaguṇaṃ sūkṣmadhyānaṃ parātparam ||,##,22,##,2,$$$
"GherS, 6",##,iti te kathitaṃ caṇḍa dhyānayogaṃ sudurlabham |,##,23,##,1,$$$
"GherS, 6",##,ātmā sākṣād bhaved yasmāt tasmād dhyānaṃ viśiṣyate ||,##,23,##,2,$$$
"GherS, 7",##,gheraṇḍa uvāca |,##,1,##,1,$$$
"GherS, 7",##,samādhiśca paraṃ tattvaṃ bahubhāgyena labhyate |,##,1,##,2,$$$
"GherS, 7",##,guroḥ kṛpāprasādena prāpyate gurubhaktitaḥ ||,##,1,##,3,$$$
"GherS, 7",##,vidyāpratītiḥ svagurupratītir ātmapratītir manasaḥ prabodhaḥ |,##,2,##,1,$$$
"GherS, 7",##,dine dine yasya bhavet sa yogī suśobhanābhyāsam upaiti sadyaḥ ||,##,2,##,2,$$$
"GherS, 7",##,ghaṭād bhinnaṃ manaḥ kṛtvā aikyaṃ kuryāt parātmani |,##,3,##,1,$$$
"GherS, 7",##,samādhiṃ taṃ vijānīyān muktasaṃjño daśādibhiḥ ||,##,3,##,2,$$$
"GherS, 7",##,ahaṃ brahma na cānyo 'smi brahmaivāhaṃ na śokabhāk |,##,4,##,1,$$$
"GherS, 7",##,saccidānandarūpo 'haṃ nityamuktaḥ svabhāvavān ||,##,4,##,2,$$$
"GherS, 7",##,śāmbhavyā caiva khecaryā bhrāmaryā yonimudrayā |,##,5,##,1,$$$
"GherS, 7",##,dhyānaṃ nādaṃ rasānandaṃ layasiddhiś caturvidhā ||,##,5,##,2,$$$
"GherS, 7",##,pañcadhā bhaktiyogena manomūrchā ca ṣaḍvidhā |,##,6,##,1,$$$
"GherS, 7",##,ṣaḍvidho 'yaṃ rājayogaḥ pratyekam avadhārayet ||,##,6,##,2,$$$
"GherS, 7",##,śāmbhavīṃ mudrikāṃ kṛtvā ātmapratyakṣam ānayet |,##,7,##,1,$$$
"GherS, 7",##,bindubrahmamayaṃ dṛṣṭvā manas tatra niyojayet ||,##,7,##,2,$$$
"GherS, 7",##,khamadhye kuru cātmānam ātmamadhye ca khaṃ kuru |,##,8,##,1,$$$
"GherS, 7",##,ātmānaṃ khamayaṃ dṛṣṭvā na kiṃcid api bādhyate |,##,8,##,2,$$$
"GherS, 7",##,sadānandamayo bhūtvā samādhistho bhaven naraḥ ||,##,8,##,3,$$$
"GherS, 7",##,khecarīmudrāsādhanād rasanā ūrdhvagatā yadā |,##,9,##,1,$$$
"GherS, 7",##,tadā samādhisiddhiḥ syāddhitvā sādhāraṇakriyām ||,##,9,##,2,$$$
"GherS, 7",##,anilaṃ mandavegena bhrāmarīkumbhakaṃ caret |,##,10,##,1,$$$
"GherS, 7",##,mandaṃ mandaṃ recayed vāyuṃ bhṛṅganādaṃ tato bhavet ||,##,10,##,2,$$$
"GherS, 7",##,antaḥsthaṃ bhramarīnādaṃ śrutvā tatra mano nayet |,##,11,##,1,$$$
"GherS, 7",##,samādhir jāyate tatra ānandaḥ so 'ham ity ataḥ ||,##,11,##,2,$$$
"GherS, 7",##,yonimudrāṃ samāsādya svayaṃ śaktimayo bhavet |,##,12,##,1,$$$
"GherS, 7",##,suśṛṅgārarasenaiva viharet paramātmani ||,##,12,##,2,$$$
"GherS, 7",##,ānandamayaḥ sambhūtvā aikyaṃ brahmaṇi sambhavet |,##,13,##,1,$$$
"GherS, 7",##,ahaṃ brahmeti cādvaitaṃ samādhis tena jāyate ||,##,13,##,2,$$$
"GherS, 7",##,svakīyahṛdaye dhyāyed iṣṭadevasvarūpakam |,##,14,##,1,$$$
"GherS, 7",##,cintayed bhaktiyogena paramāhlādapūrvakam ||,##,14,##,2,$$$
"GherS, 7",##,ānandāśrupulakena daśābhāvaḥ prajāyate |,##,15,##,1,$$$
"GherS, 7",##,samādhiḥ sambhavet tena sambhavec ca manonmanī ||,##,15,##,2,$$$
"GherS, 7",##,manomūrchāṃ samāsādya mana ātmani yojayet |,##,16,##,1,$$$
"GherS, 7",##,parātmanaḥ samāyogāt samādhiṃ samavāpnuyāt ||,##,16,##,2,$$$
"GherS, 7",##,iti te kathitaṃ caṇḍa samādhir muktilakṣaṇam |,##,17,##,1,$$$
"GherS, 7",##,rājayogaḥ samādhiḥ syād ekātmany eva sādhanam |,##,17,##,2,$$$
"GherS, 7",##,unmanī sahajāvasthā sarve caikātmavācakāḥ ||,##,17,##,3,$$$
"GherS, 7",##,jale viṣṇuḥ sthale viṣṇur viṣṇuḥ parvatamastake |,##,18,##,1,$$$
"GherS, 7",##,jvālāmālākule viṣṇuḥ sarvaṃ viṣṇumayaṃ jagat ||,##,18,##,2,$$$
"GherS, 7",##,bhūcarāḥ khecarāś cāmī yāvanto jīvajantavaḥ |,##,19,##,1,$$$
"GherS, 7",##,vṛkṣagulmalatāvallītṛṇādyā vāri parvatāḥ |,##,19,##,2,$$$
"GherS, 7",##,sarvaṃ brahma vijānīyāt sarvaṃ paśyati cātmani ||,##,19,##,3,$$$
"GherS, 7",##,ātmā ghaṭasthacaitanyam advaitaṃ śāśvataṃ param |,##,20,##,1,$$$
"GherS, 7",##,ghaṭād bhinnataraṃ jñānaṃ vītarāgaṃ vivāsanam ||,##,20,##,2,$$$
"GherS, 7",##,evaṃvidhiḥ samādhiḥ syāt sarvasaṃkalpavarjitaḥ |,##,21,##,1,$$$
"GherS, 7",##,svadehe putradārādibāndhaveṣu dhanādiṣu |,##,21,##,2,$$$
"GherS, 7",##,sarveṣu nirmamo bhūtvā samādhiṃ samavāpnuyāt ||,##,21,##,3,$$$
"GherS, 7",##,layāmṛtaṃ paraṃ tattvaṃ śivoktaṃ vividhāni ca |,##,22,##,1,$$$
"GherS, 7",##,teṣāṃ saṃkṣepam ādāya kathitaṃ muktilakṣaṇam ||,##,22,##,2,$$$
"Su, 1, 1",##,athāto vedotpattimadhyāyaṃ vyākhyāsyāmaḥ ||,##,1,##,1,$$$
"Su, 1, 1",##,yathovāca bhagavān dhanvantariḥ ||,##,2,##,1,$$$
"Su, 1, 1",##,atha khalu bhagavantam amaravaram ṛṣigaṇaparivṛtam āśramasthaṃ kāśirājaṃ divodāsaṃ dhanvantarim aupadhenavavaitaraṇaurabhrapauṣkalāvatakaravīryagopurarakṣitasuśrutaprabhṛtaya ūcuḥ ||,##,3,##,1,$$$
"Su, 1, 1",##,bhagavan śārīramānasāgantuvyādhibhir vividhavedanābhighātopadrutān sanāthān apy anāthavad viceṣṭamānān vikrośataś ca mānavānabhisamīkṣya manasi naḥ pīḍā bhavati teṣāṃ sukhaiṣiṇāṃ rogopaśamārthamātmanaś ca prāṇayātrārthaṃ prajāhitahetor āyurvedaṃ śrotum icchāma ihopadiśyamānam atrāyattam aihikam āmuṣmikaṃ ca śreyaḥ tadbhagavantam upapannāḥ smaḥ śiṣyatveneti ||,##,4,##,1,$$$
"Su, 1, 1",##,tān uvāca bhagavān svāgataṃ vaḥ sarva evāmīmāṃsyā adhyāpyāś ca bhavanto vatsāḥ ||,##,5,##,1,$$$
"Su, 1, 1",##,iha khalv āyurvedo nāmopāṅgam atharvavedasyānutpādya iva prajāḥ ślokaśatasahasram adhyāyasahasraṃ ca kṛtavān svayambhūḥ tato 'lpāyuṣṭvam alpamedhastvaṃ cālokya narāṇāṃ bhūyo 'ṣṭadhā praṇītavān ||,##,6,##,1,$$$
"Su, 1, 1",##,tadyathā śalyaṃ śālākyaṃ kāyacikitsā bhūtavidyā kaumārabhṛtyam agadatantraṃ rasāyanatantraṃ vājīkaraṇatantram iti ||,##,7,##,1,$$$
"Su, 1, 1",##,athāsya pratyaṅgalakṣaṇasamāsaḥ |,##,8,##,1,$$$
"Su, 1, 1",##,tatra śalyaṃ nāma vividhatṛṇakāṣṭhapāṣāṇapāṃśulohaloṣṭāsthivālanakhapūyāsrāvaduṣṭavraṇāntargarbhaśalyoddharaṇārthaṃ yantraśastrakṣārāgnipraṇidhānavraṇaviniścayārthaṃ ca |,##,8,##,2,$$$
"Su, 1, 1",##,śālākyaṃ nāmordhvajatrugatānāṃ śravaṇanayanavadanaghrāṇādisaṃśritānāṃ vyādhīnām upaśamanārtham |,##,8,##,3,$$$
"Su, 1, 1",##,kāyacikitsā nāma sarvāṅgasaṃśritānāṃ vyādhīnāṃ jvararaktapittaśoṣonmādāpasmārakuṣṭhamehātisārādīnām upaśamanārtham |,##,8,##,4,$$$
"Su, 1, 1",##,bhūtavidyā nāma devāsuragandharvayakṣarakṣaḥpitṛpiśācanāgagrahādyupasṛṣṭacetasāṃ śāntikarmabaliharaṇādigrahopaśamanārtham |,##,8,##,5,$$$
"Su, 1, 1",##,kaumārabhṛtyaṃ nāma kumārabharaṇadhātrīkṣīradoṣasaṃśodhanārthaṃ duṣṭastanyagrahasamutthānāṃ ca vyādhīnām upaśamanārtham |,##,8,##,6,$$$
"Su, 1, 1",##,agadatantraṃ nāma sarpakīṭalūtāmūṣakādidaṣṭaviṣavyañjanārthaṃ vividhaviṣasaṃyogopaśamanārthaṃ ca |,##,8,##,7,$$$
"Su, 1, 1",##,rasāyanatantraṃ nāma vayaḥsthāpanam āyurmedhābalakaraṃ rogāpaharaṇasamarthaṃ ca |,##,8,##,8,$$$
"Su, 1, 1",##,vājīkaraṇatantraṃ nāmālpaduṣṭakṣīṇaviśuṣkaretasām āpyāyanaprasādopacayajanananimittaṃ praharṣajananārthaṃ ca ||,##,8,##,9,$$$
"Su, 1, 1",##,evam ayam āyurvedo 'ṣṭāṅga upadiśyate atra kasmai kim ucyatām iti ||,##,9,##,1,$$$
"Su, 1, 1",##,ta ūcuḥ asmākaṃ sarveṣām eva śalyajñānaṃ mūlaṃ kṛtvopadiśatu bhagavān iti ||,##,10,##,1,$$$
"Su, 1, 1",##,sa uvācaivam astv iti ||,##,11,##,1,$$$
"Su, 1, 1",##,ta ūcur bhūyo 'pi bhagavantam asmākam ekamatīnāṃ matam abhisamīkṣya suśruto bhagavantaṃ prakṣyati asmai copadiśyamānaṃ vayam apy upadhārayiṣyāmaḥ ||,##,12,##,1,$$$
"Su, 1, 1",##,sa hovācaivam astv iti ||,##,13,##,1,$$$
"Su, 1, 1",##,vatsa suśruta iha khalv āyurvedaprayojanaṃ vyādhyupasṛṣṭānāṃ vyādhiparimokṣaḥ svasthasya rakṣaṇaṃ ca ||,##,14,##,1,$$$
"Su, 1, 1",##,āyur asmin vidyate 'nena vāyur vindatīty āyurvedaḥ ||,##,15,##,1,$$$
"Su, 1, 1",##,tasyāṅgavaramādyaṃ pratyakṣāgamānumānopamānair aviruddham ucyamānam upadhāraya ||,##,16,##,1,$$$
"Su, 1, 1",##,etaddhy aṅgaṃ prathamaṃ prāg abhighātavraṇasaṃrohād yajñaśiraḥsaṃdhānāc ca |,##,17,##,1,$$$
"Su, 1, 1",##,śrūyate hi yathā rudreṇa yajñasya śiraśchinnamiti tato devā aśvināv abhigamyocur bhagavantau naḥ śreṣṭhatamau yuvāṃ bhaviṣyathaḥ bhavadbhyāṃ yajñasya śiraḥ saṃdhātavyam iti |,##,17,##,2,$$$
"Su, 1, 1",##,tāv ūcatur evam astv iti |,##,17,##,3,$$$
"Su, 1, 1",##,atha tayor arthe devā indraṃ yajñabhāgena prāsādayan |,##,17,##,4,$$$
"Su, 1, 1",##,tābhyāṃ yajñasya śiraḥ saṃhitam iti ||,##,17,##,5,$$$
"Su, 1, 1",##,aṣṭāsv api cāyurvedatantreṣv etad evādhikam abhimatam āśukriyākaraṇādyantraśastrakṣārāgnipraṇidhānāt sarvatantrasāmānyāc ca ||,##,18,##,1,$$$
"Su, 1, 1",##,tad idaṃ śāśvataṃ puṇyaṃ svargyaṃ yaśasyamāyuṣyaṃ vṛttikaraṃ ceti ||,##,19,##,1,$$$
"Su, 1, 1",##,brahmā provāca tataḥ prajāpatir adhijage tasmād aśvinau aśvibhyām indraḥ indrād ahaṃ mayā tv iha pradeyam arthibhyaḥ prajāhitahetoḥ ||,##,20,##,1,$$$
"Su, 1, 1",##,bhavati cātra |,##,21,##,1,$$$
"Su, 1, 1",##,ahaṃ hi dhanvantarirādidevo jarārujāmṛtyuharo 'marāṇām |,##,21,##,2,$$$
"Su, 1, 1",##,śalyāṅgamaṅgair aparair upetaṃ prāpto 'smi gāṃ bhūya ihopadeṣṭum ||,##,21,##,3,$$$
"Su, 1, 1",##,asmin śāstre pañcamahābhūtaśarīrisamavāyaḥ puruṣa ity ucyate |,##,22,##,1,$$$
"Su, 1, 1",##,tasmin kriyā so 'dhiṣṭhānaṃ kasmāt lokasya dvaividhyāt loko hi dvividhaḥ sthāvaro jaṅgamaś ca dvividhātmaka evāgneyaḥ saumyaś ca tadbhūyastvāt pañcātmako vā tatra caturvidho bhūtagrāmaḥ saṃsvedajarāyujāṇḍajodbhijjasaṃjñaḥ tatra puruṣaḥ pradhānaṃ tasyopakaraṇamanyat tasmāt puruṣo 'dhiṣṭhānam ||,##,22,##,2,$$$
"Su, 1, 1",##,tadduḥkhasaṃyogā vyādhaya ucyante ||,##,23,##,1,$$$
"Su, 1, 1",##,te caturvidhāḥ āgantavaḥ śārīrāḥ mānasāḥ svābhāvikāśceti ||,##,24,##,1,$$$
"Su, 1, 1",##,teṣāmāgantavo 'bhighātanimittāḥ |,##,25,##,1,$$$
"Su, 1, 1",##,śārīrās tv annapānamūlā vātapittakaphaśoṇitasaṃnipātavaiṣamyanimittāḥ |,##,25,##,2,$$$
"Su, 1, 1",##,mānasāstu krodhaśokabhayaharṣaviṣāderṣyābhyasūyādainyamātsaryakāmalobhaprabhṛtaya icchādveṣabhedair bhavanti |,##,25,##,3,$$$
"Su, 1, 1",##,svābhāvikāstu kṣutpipāsājarāmṛtyunidrāprakṛtayaḥ ||,##,25,##,4,$$$
"Su, 1, 1",##,ta ete manaḥśarīrādhiṣṭhānāḥ ||,##,26,##,1,$$$
"Su, 1, 1",##,teṣāṃ saṃśodhanasaṃśamanāhārācārāḥ samyakprayuktā nigrahahetavaḥ ||,##,27,##,1,$$$
"Su, 1, 1",##,prāṇināṃ punarmūlam āhāro balavarṇaujasāṃ ca sa ṣaṭsu raseṣvāyattaḥ rasāḥ punardravyāśrayāḥ dravyāṇi punar oṣadhayaḥ |,##,28,##,1,$$$
"Su, 1, 1",##,tāstu dvividhāḥ sthāvarā jaṅgamāś ca ||,##,28,##,2,$$$
"Su, 1, 1",##,tāsāṃ sthāvarāścaturvidhāḥ vanaspatayo vṛkṣā vīrudha oṣadhaya iti |,##,29,##,1,$$$
"Su, 1, 1",##,tāsu apuṣpāḥ phalavanto vanaspatayaḥ puṣpaphalavanto vṛkṣāḥ pratānavatyaḥ stambinyaś ca vīrudhaḥ phalapākaniṣṭhā oṣadhaya iti ||,##,29,##,2,$$$
"Su, 1, 1",##,jaṅgamāḥ khalv api caturvidhāḥ jarāyujāṇḍajasvedajodbhijjāḥ |,##,30,##,1,$$$
"Su, 1, 1",##,tatra paśumanuṣyavyālādayo jarāyujāḥ khagasarpasarīsṛpaprabhṛtayo 'ṇḍajāḥ kṛmikīṭapipīlikāprabhṛtayaḥ svedajāḥ indragopamaṇḍūkaprabhṛtaya udbhijjāḥ ||,##,30,##,2,$$$
"Su, 1, 1",##,tatra sthāvarebhyas tvakpattrapuṣpaphalamūlakandaniryāsasvarasādayaḥ prayojanavantaḥ jaṅgamebhyaś carmanakharomarudhirādayaḥ ||,##,31,##,1,$$$
"Su, 1, 1",##,pārthivāḥ suvarṇarajatamaṇimuktāmanaḥśilāmṛtkapālādayaḥ ||,##,32,##,1,$$$
"Su, 1, 1",##,kālakṛtāḥ pravātanivātātapachāyājyotsnātamaḥśītoṣṇavarṣāhorātrapakṣamāsartvayanādayaḥ saṃvatsaraviśeṣāḥ ||,##,33,##,1,$$$
"Su, 1, 1",##,ta ete svabhāvata eva doṣāṇāṃ saṃcayaprakopapraśamapratīkārahetavaḥ prayojanavantaś ca ||,##,34,##,1,$$$
"Su, 1, 1",##,bhavanti cātra ślokāḥ |,##,35,##,1,$$$
"Su, 1, 1",##,śārīrāṇāṃ vikārāṇām eṣa vargaś caturvidhaḥ |,##,35,##,2,$$$
"Su, 1, 1",##,prakope praśame caiva hetur uktaś cikitsakaiḥ ||,##,35,##,3,$$$
"Su, 1, 1",##,āgantavas tu ye rogās te dvidhā nipatanti hi |,##,36,##,1,$$$
"Su, 1, 1",##,manasyanye śarīre 'nye teṣāṃ tu dvividhā kriyā ||,##,36,##,2,$$$
"Su, 1, 1",##,śarīrapatitānāṃ tu śārīravad upakramaḥ |,##,37,##,1,$$$
"Su, 1, 1",##,mānasānāṃ tu śabdādiriṣṭo vargaḥ sukhāvahaḥ ||,##,37,##,2,$$$
"Su, 1, 1",##,evam etat puruṣo vyādhir auṣadhaṃ kriyākāla iti catuṣṭayaṃ samāsena vyākhyātam tatra puruṣagrahaṇāt tatsambhavadravyasamūho bhūtādir uktas tadaṅgapratyaṅgavikalpāś ca tvaṅmāṃsāsthisirāsnāyuprabhṛtayaḥ vyādhigrahaṇād vātapittakaphaśoṇitasaṃnipātavaiṣamyanimittāḥ sarva eva vyādhayo vyākhyātāḥ oṣadhagrahaṇād dravyarasaguṇavīryavipākānām ādeśaḥ kriyāgrahaṇācchedyādīni snehādīni ca karmāṇi vyākhyātāni kālagrahaṇāt sarvakriyākālānām ādeśaḥ ||,##,38,##,1,$$$
"Su, 1, 1",##,bhavati cātra |,##,39,##,1,$$$
"Su, 1, 1",##,bījaṃ cikitsitasyaitatsamāsena prakīrtitam |,##,39,##,2,$$$
"Su, 1, 1",##,saviṃśam adhyāyaśatamasya vyākhyā bhaviṣyati ||,##,39,##,3,$$$
"Su, 1, 1",##,tac ca saviṃśam adhyāyaśataṃ pañcasu sthāneṣu sūtranidānaśārīracikitsitakalpeṣv arthavaśāt saṃvibhajya uttare tantre śeṣānarthān vyākhyāsyāmaḥ ||,##,40,##,1,$$$
"Su, 1, 1",##,bhavati cātra |,##,41,##,1,$$$
"Su, 1, 1",##,svayambhuvā proktamidaṃ sanātanaṃ paṭheddhi yaḥ kāśipatiprakāśitam |,##,41,##,2,$$$
"Su, 1, 1",##,sa puṇyakarmā bhuvi pūjito nṛpair asukṣaye śakrasalokatāṃ vrajet ||,##,41,##,3,$$$
"Su, 1, 2",##,athātaḥ śiṣyopanayanīyamadhyāyaṃ vyākhyāsyāmaḥ ||,##,1,##,1,$$$
"Su, 1, 2",##,yathovāca bhagavān dhanvantariḥ ||,##,2,##,1,$$$
"Su, 1, 2",##,brāhmaṇakṣatriyavaiśyānām anyatamam anvayavayaḥśīlaśauryaśaucācāravinayaśaktibalamedhādhṛtismṛtimatipratipattiyuktaṃ tanujihvauṣṭhadantāgramṛjuvaktrākṣināsaṃ prasannacittavākceṣṭaṃ kleśasahaṃ ca bhiṣak śiṣyam upanayet ato viparītaguṇaṃ nopanayet ||,##,3,##,1,$$$
"Su, 1, 2",##,upanayanīyaṃ tu brāhmaṇaṃ praśasteṣu tithikaraṇamuhūrtanakṣatreṣu praśastāyāṃ diśi śucau same deśe caturhastaṃ caturasraṃ sthaṇḍilam upalipya gomayena darbhaiḥ saṃstīrya puṣpair lājabhaktai ratnaiś ca devatāḥ pūjayitvā viprān bhiṣajaś ca tatrollikhyābhyukṣya ca dakṣiṇato brahmāṇaṃ sthāpayitvāgnim upasamādhāya khadirapalāśadevadārubilvānāṃ samidbhiś caturṇāṃ vā kṣīravṛkṣāṇāṃ dadhimadhughṛtāktābhir dārvīhaumikena vidhinā sruveṇājyāhutīr juhuyāt sapraṇavābhir mahāvyāhṛtibhiḥ tataḥ pratidaivatam ṛṣīṃś ca svāhākāraṃ kuryāt śiṣyam api kārayet ||,##,4,##,1,$$$
"Su, 1, 2",##,brāhmaṇas trayāṇāṃ varṇānām upanayanaṃ kartum arhati rājanyo dvayasya vaiśyo vaiśyasyaiveti śūdram api kulaguṇasampannaṃ mantravarjam anupanītam adhyāpayed ity eke ||,##,5,##,1,$$$
"Su, 1, 2",##,tato 'gniṃ triḥ pariṇīyāgnisākṣikaṃ śiṣyaṃ brūyāt kāmakrodhalobhamohamānāhaṃkārerṣyāpāruṣyapaiśunyānṛtālasyāyaśasyāni hitvā nīcanakharomṇā śucinā kaṣāyavāsasā satyavratabrahmacaryābhivādanatatpareṇāvaśyaṃ bhavitavyaṃ madanumatasthānagamanaśayanāsanabhojanādhyayanapareṇa bhūtvā matpriyahiteṣu vartitavyam ato 'nyathā te vartamānasyādharmo bhavati aphalā ca vidyā na ca prākāśyaṃ prāpnoti ||,##,6,##,1,$$$
"Su, 1, 2",##,ahaṃ vā tvayi samyagvartamāne yadyanyathādarśī syām enobhāg bhaveyam aphalavidyaś ca ||,##,7,##,1,$$$
"Su, 1, 2",##,dvijagurudaridramitrapravrajitopanatasādhvanāthābhyupagatānāṃ cātmabāndhavānām iva svabhaiṣajaiḥ pratikartavyam evaṃ sādhu bhavati vyādhaśākunikapatitapāpakāriṇāṃ ca na pratikartavyam evaṃ vidyā prakāśate mitrayaśodharmārthakāmāṃś ca prāpnoti ||,##,8,##,1,$$$
"Su, 1, 2",##,bhavataś cātra |,##,9,##,1,$$$
"Su, 1, 2",##,kṛṣṇe 'ṣṭamī tannidhane 'hanī dve śukle tathāpy evam ahar dvisaṃdhyam |,##,9,##,2,$$$
"Su, 1, 2",##,akālavidyutstanayitnughoṣe svatantrarāṣṭrakṣitipavyathāsu ||,##,9,##,3,$$$
"Su, 1, 2",##,śmaśānayānādyatanāhaveṣu mahotsavautpātikadarśaneṣu |,##,10,##,1,$$$
"Su, 1, 2",##,nādhyeyamanyeṣu ca yeṣu viprā nādhīyate nāśucinā ca nityam ||,##,10,##,2,$$$
"Su, 1, 3",##,athāto 'dhyayanasaṃpradānīyam adhyāyaṃ vyākhyāsyāmaḥ ||,##,1,##,1,$$$
"Su, 1, 3",##,yathovāca bhagavān dhanvantariḥ ||,##,2,##,1,$$$
"Su, 1, 3",##,prāgabhihitaṃ saviṃśam adhyāyaśataṃ pañcasu sthāneṣu |,##,3,##,1,$$$
"Su, 1, 3",##,tatra sūtrasthānam adhyāyāḥ ṣaṭcatvāriṃśat ṣoḍaśa nidānāni daśa śārīrāṇi catvāriṃśac cikitsitāni aṣṭau kalpāḥ tad uttaraṃ ṣaṭsaṣṭiḥ ||,##,3,##,2,$$$
"Su, 1, 3",##,vedotpattiḥ śiṣyanayas tathādhyayanadānikaḥ |,##,4,##,1,$$$
"Su, 1, 3",##,prabhāṣaṇāgraharaṇāv ṛtucaryātha yāntrikaḥ ||,##,4,##,2,$$$
"Su, 1, 3",##,śastrāvacāraṇaṃ yogyā viśikhā kṣārakalpanam |,##,5,##,1,$$$
"Su, 1, 3",##,agnikarmajalaukākhyāv adhyāyau raktavarṇanam ||,##,5,##,2,$$$
"Su, 1, 3",##,doṣadhātumalādyānāṃ vijñānādhyāya eva ca |,##,6,##,1,$$$
"Su, 1, 3",##,karṇavyadhāmapakvaiṣāv ālepo vraṇyupāsanam ||,##,6,##,2,$$$
"Su, 1, 3",##,hitāhito vraṇapraśno vraṇāsrāvaś ca yaḥ pṛthak |,##,7,##,1,$$$
"Su, 1, 3",##,kṛtyākṛtyavidhirvyādhisamuddeśīya eva ca ||,##,7,##,2,$$$
"Su, 1, 3",##,viniścayaḥ śastravidhau pranaṣṭajñānikas tathā |,##,8,##,1,$$$
"Su, 1, 3",##,śalyoddhṛtirvraṇajñānaṃ dūtasvapnanidarśanam ||,##,8,##,2,$$$
"Su, 1, 3",##,pañcendriyaṃ tathā chāyā svabhāvādvaikṛtaṃ tathā |,##,9,##,1,$$$
"Su, 1, 3",##,vāraṇo yuktasenīya āturakramabhūmikau ||,##,9,##,2,$$$
"Su, 1, 3",##,miśrakākhyo dravyagaṇaḥ saṃśuddhau śamane ca yaḥ |,##,10,##,1,$$$
"Su, 1, 3",##,dravyādīnāṃ ca vijñānaṃ viśeṣo dravyago 'paraḥ ||,##,10,##,2,$$$
"Su, 1, 3",##,rasajñānaṃ vamanārthamadhyāyo recanāya ca |,##,11,##,1,$$$
"Su, 1, 3",##,dravaddravyavidhistadvadannapānavidhistathā ||,##,11,##,2,$$$
"Su, 1, 3",##,sūcanāt sūtraṇāccaiva savanāccārthasantateḥ |,##,12,##,1,$$$
"Su, 1, 3",##,ṣaṭcatvāriṃśadadhyāyaṃ sūtrasthānaṃ pracakṣate ||,##,12,##,2,$$$
"Su, 1, 3",##,vātavyādhikamarśāṃsi sāśmariś ca bhagandaraḥ |,##,13,##,1,$$$
"Su, 1, 3",##,kuṣṭhamehodarā mūḍho vidradhiḥ parisarpaṇam ||,##,13,##,2,$$$
"Su, 1, 3",##,granthivṛddhikṣudraśūkabhagnāśca mukharogikam |,##,14,##,1,$$$
"Su, 1, 3",##,hetulakṣaṇanirdeśānnidānānīti ṣoḍaśa ||,##,14,##,2,$$$
"Su, 1, 3",##,bhūtacintā rajauśuddhirgarbhāvakrāntireva ca |,##,15,##,1,$$$
"Su, 1, 3",##,vyākaraṇaṃ ca garbhasya śarīrasya ca yatsmṛtam ||,##,15,##,2,$$$
"Su, 1, 3",##,pratyekaṃ marmanirdeśaḥ sirāvarṇanam eva ca |,##,16,##,1,$$$
"Su, 1, 3",##,sirāvyadho dhamanīnāṃ garbhiṇyā vyākṛtistathā ||,##,16,##,2,$$$
"Su, 1, 3",##,nirdiṣṭāni daśaitāni śārīrāṇi maharṣiṇā |,##,17,##,1,$$$
"Su, 1, 3",##,vijñānārthaṃ śarīrasya bhiṣajāṃ yogināmapi ||,##,17,##,2,$$$
"Su, 1, 3",##,dvivraṇīyo vraṇaḥ sadyo bhagnānāṃ vātarogikam |,##,18,##,1,$$$
"Su, 1, 3",##,mahāvātikamarśāṃsi sāśmariśca bhagandaraḥ ||,##,18,##,2,$$$
"Su, 1, 3",##,kuṣṭhānāṃ mahatāṃ cāpi maihikaṃ paiḍakaṃ tathā |,##,19,##,1,$$$
"Su, 1, 3",##,makhumehacikitsā ca tathā codariṇāmapi ||,##,19,##,2,$$$
"Su, 1, 3",##,mūḍhagarbhacikitsā ca vidradhīnāṃ visarpiṇām |,##,20,##,1,$$$
"Su, 1, 3",##,granthivṛddhyupadaṃśānāṃ tathā ca kṣudrarogikam ||,##,20,##,2,$$$
"Su, 1, 3",##,śūkadoṣacikitsā ca tathā ca mukharogiṇām |,##,21,##,1,$$$
"Su, 1, 3",##,śophasyānāgatānāṃ ca niṣedho miśrakaṃ tathā ||,##,21,##,2,$$$
"Su, 1, 3",##,vājīkaraṃ ca yat kṣīṇe sarvābādhaśamo 'pi ca |,##,22,##,1,$$$
"Su, 1, 3",##,medhāyuṣkaraṇaṃ cāpi svabhāvavyādhivāraṇam ||,##,22,##,2,$$$
"Su, 1, 3",##,nivṛttasaṃtāpakaraṃ kīrtitaṃ ca rasāyanam |,##,23,##,1,$$$
"Su, 1, 3",##,snehopayaugikaḥ svedo vamane ca virecane ||,##,23,##,2,$$$
"Su, 1, 3",##,tayor vyāpaccikitsā ca netrabastivibhāgikaḥ |,##,24,##,1,$$$
"Su, 1, 3",##,netrabastivipatsiddhistathā cottarabastikaḥ ||,##,24,##,2,$$$
"Su, 1, 3",##,nirūhakramasaṃjñaś ca tathaivāturasaṃjﾤakaḥ |,##,25,##,1,$$$
"Su, 1, 3",##,dhūmanasyavidhiścāntyaścatvāriṃśaditi smṛtāḥ ||,##,25,##,2,$$$
"Su, 1, 3",##,prāyaścittaṃ praśamanaṃ cikitsā śāntikarma ca |,##,26,##,1,$$$
"Su, 1, 3",##,paryāyāstasya nirdeśāccikitsāsthānamucyate ||,##,26,##,2,$$$
"Su, 1, 3",##,annasya rakṣā vijñānaṃ sthāvarasyetarasya ca |,##,27,##,1,$$$
"Su, 1, 3",##,sarpadaṣﾛaviṣajﾤānaṃ tasya iva ca cikitsitam ||,##,27,##,2,$$$
"Su, 1, 3",##,dundubher mūṣikāṇāṃ ca kīﾛānāṃ kalpa eva ca |,##,28,##,1,$$$
"Su, 1, 3",##,aṣﾛau kalpāḥ samākhyātā viṣabheṣajakalpanāt ||,##,28,##,2,$$$
"Su, 1, 3",##,adhyāyānāṃ śataṃ viṃśam evam etad udīritam |,##,29,##,1,$$$
"Su, 1, 3",##,ataḥ paraṃ svanāmna iva tantram uttaram ucyate ||,##,29,##,2,$$$
"Su, 1, 3",##,adhikṛtya kṛtaṃ yasmāt tantram etad upadravān |,##,30,##,1,$$$
"Su, 1, 3",##,opadravika ity eṣa tasyāgryatvān nirucyate ||,##,30,##,2,$$$
"Su, 1, 3",##,sandhau vartmani śukle ca kṛṣṇe sarvatra dṛṣﾛiṣu |,##,31,##,1,$$$
"Su, 1, 3",##,saṃvijﾤānārtham adhyāyā gadānāṃ tu prati prati ||,##,31,##,2,$$$
"Su, 1, 3",##,cikitsāpravibhāgīyo vātābhiṣyandavāraṇaḥ |,##,32,##,1,$$$
"Su, 1, 3",##,paittasya ślaiṣmikasyāpi raudhirasya tatha iva ca ||,##,32,##,2,$$$
"Su, 1, 3",##,lekhyabhedyaniṣedhau ca chedyānāṃ vartmadṛṣﾛiṣu |,##,33,##,1,$$$
"Su, 1, 3",##,kriyākalpo 'bhighātaś ca karṇotthāstaccikitsitam ||,##,33,##,2,$$$
"Su, 1, 3",##,ghrāṇotthānāṃ ca vijﾤānaṃ tadgadapratiṣedhanam |,##,34,##,1,$$$
"Su, 1, 3",##,pratiśyāyaniṣedhaś ca śirogadavivecanam ||,##,34,##,2,$$$
"Su, 1, 3",##,cikitsā tadgadānāṃ ca śālākyaṃ tantram ucyate |,##,35,##,1,$$$
"Su, 1, 3",##,navagrahākṛtijﾤānaṃ skandasya ca niṣedhanam ||,##,35,##,2,$$$
"Su, 1, 3",##,apasmāraśakunyoś ca revatyāś ca punaḥ pṛthak |,##,36,##,1,$$$
"Su, 1, 3",##,pūtanāyāstathāndhāyā maṇḍikā śītapūtanā ||,##,36,##,2,$$$
"Su, 1, 3",##,naigameśacikitsā ca grahotpattiḥ sayonijā |,##,37,##,1,$$$
"Su, 1, 3",##,kaumāratantram ity etac chārīreṣu ca kīrtitam ||,##,37,##,2,$$$
"Su, 1, 3",##,jvarātisāraśoṣāṇāṃ gulmahṛdrogiṇām api |,##,38,##,1,$$$
"Su, 1, 3",##,pāṇḍūnāṃ raktapittasya mūrcchāyāḥ pānajāś ca ye ||,##,38,##,2,$$$
"Su, 1, 3",##,tṛṣṇāyāśchardihikkānāṃ niṣedhaḥ śvāsakāsayoḥ |,##,39,##,1,$$$
"Su, 1, 3",##,svarabhedacikitsā ca kṛmyudāvartinoḥ prthak ||,##,39,##,2,$$$
"Su, 1, 3",##,visūcikārocakayor mūtrāghātavikṛcchrayoḥ |,##,40,##,1,$$$
"Su, 1, 3",##,iti kāyacikitsāyāḥ śeṣamatra prakīrtitam ||,##,40,##,2,$$$
"Su, 1, 3",##,amānuṣaniṣedhaś ca tathāpasmāriko 'paraḥ |,##,41,##,1,$$$
"Su, 1, 3",##,unmādapratiṣedhaś ca bhūtavidyā nirucyate ||,##,41,##,2,$$$
"Su, 1, 3",##,rasabhedāḥ svasthavṛttiryuktayastāntrikāś ca yāḥ |,##,42,##,1,$$$
"Su, 1, 3",##,doṣabhedā iti jﾤeyā adhyāyāstantrabhūṣaṇāḥ ||,##,42,##,2,$$$
"Su, 1, 3",##,śreṣﾛhatvāduttaraṃ hy etattantramāhurmaharṣayaḥ |,##,43,##,1,$$$
"Su, 1, 3",##,bahvarthasaṃgrahācchreṣﾛhamuttaraṃ cāpi paścimam ||,##,43,##,2,$$$
"Su, 1, 3",##,śālākyatantraṃ kaumāraṃ cikitsā kāyikī ca yā |,##,44,##,1,$$$
"Su, 1, 3",##,bhūtavidyeti catvāri tantre tūttarasaṃjﾤite ||,##,44,##,2,$$$
"Su, 1, 3",##,vājīkaraṃ cakitsāsu rasāyanavidhistathā |,##,45,##,1,$$$
"Su, 1, 3",##,viṣatantraṃ punaḥ kalpāḥ śalyajﾤānaṃ samantataḥ ||,##,45,##,2,$$$
"Su, 1, 3",##,ityaṣﾛāīgamidaṃ tantramādidevaprakāśitam |,##,46,##,1,$$$
"Su, 1, 3",##,vidhinādhītya yuﾤjānā bhavanti prāṇadā bhuvi ||,##,46,##,2,$$$
"Su, 1, 3",##,etaddhyavaśyamadhyeyaṃ adhītya ca karmāpyavaśyamupāsitavyaṃ ubhayajﾤo hi bhiṣak rājārho bhavati ||,##,47,##,1,$$$
"Su, 1, 3",##,bhavanti cātra |,##,48,##,1,$$$
"Su, 1, 3",##,yastu kevalaśāstrajﾤaḥ karmasvapariniṣﾛhitaḥ |,##,48,##,2,$$$
"Su, 1, 3",##,sa muhyatyāturaṃ prāpya prāpya bhīrurivāhavam ||,##,48,##,3,$$$
"Su, 1, 3",##,yastu karmasu niṣṇāto dhārṣﾛyācchāstrabahiṣkṛtaḥ |,##,49,##,1,$$$
"Su, 1, 3",##,sa satsu pūjāṃ nāpnoti vadhaṃ cārhati rājataḥ ||,##,49,##,2,$$$
"Su, 1, 3",##,ubhāvetāvanipuṇāvasamarthau svakarmaṇi |,##,50,##,1,$$$
"Su, 1, 3",##,ardhavedadharāvetāvekapakṣāv iva dvijau ||,##,50,##,2,$$$
"Su, 1, 3",##,oṣadhyo 'mṛtakalpāstu śastrāśaniviṣopamāḥ |,##,51,##,1,$$$
"Su, 1, 3",##,bhavantyajﾤair upahṛtāstasmādetān vivarjayet ||,##,51,##,2,$$$
"Su, 1, 3",##,snehādiṣvanabhijﾤā ye chedyādiṣu ca karmasu |,##,52,##,1,$$$
"Su, 1, 3",##,te nihanti janaṃ lobhāt kuvaidyā nṛpadoṣataḥ ||,##,52,##,2,$$$
"Su, 1, 3",##,yastūbhayajﾤo matimān sa samartho 'rthasādhane |,##,53,##,1,$$$
"Su, 1, 3",##,āhave karma nirvoḍhuṃ dvicakraḥ syandano yathā ||,##,53,##,2,$$$
"Su, 1, 3",##,atha vatsa tadetadadhyeyaṃ tathā tathopadhāraya mayā procyamānaṃ atha śucaye kṛtottarāsaīgāyāvyākulayopasthitāyādhyayanakāle śiṣyāya yathāśakti gurur upadiśet padaṃ pādaṃ ślokaṃ vā te ca padapādaślokābhūyaḥ krameṇānusaṃdheyāḥ evamekaikaśo ghaﾛayedātmanā cānupaﾛhet adrutam avilambitam aviśaṇkitam ananunāsikaṃ vyaktākṣram apī*itavarṇamakṣibhruvauṣﾛhahastair anabhinītaṃ susaṃskṛtaṃ nātyuccair nātinīcaiś ca svaraiḥ paﾛhet |,##,54,##,1,$$$
"Su, 1, 3",##,na cāntareṇa kaścid vrajet tayor adhīyānayoḥ ||,##,54,##,2,$$$
"Su, 1, 3",##,bhavataś cātra |,##,55,##,1,$$$
"Su, 1, 3",##,śucir guruparo dakṣas tandrānidrāvivarjitaḥ |,##,55,##,2,$$$
"Su, 1, 3",##,paﾛhannetena vidhinā śiṣyaḥ śāstrāntamāpnuyāt ||,##,55,##,3,$$$
"Su, 1, 3",##,vāksauṣﾛhave__arthavijﾤāne prāgalbhye karmanaipuṇe |,##,56,##,1,$$$
"Su, 1, 3",##,tadabhyāse ca siddhau ca yatetādhyayanāntagaḥ ||,##,56,##,2,$$$
"Su, 1, 4",##,athātaḥ prabhāṣaṇīyamadhyāyaṃ vyākhyāsyāmaḥ ||,##,1,##,1,$$$
"Su, 1, 4",##,yathovāca bhagavān dhanvantariḥ ||,##,2,##,1,$$$
"Su, 1, 4",##,adhigatam apy adhyayanam aprabhāṣitam arthataḥ kharasya candanabhāra iva kevalaṃ pariśramakaraṃ bhavati ||,##,3,##,1,$$$
"Su, 1, 4",##,bhavati cātra |,##,4,##,1,$$$
"Su, 1, 4",##,yathā kharaścandanabhāravāhī bhārasya vettā na tu candanasya |,##,4,##,2,$$$
"Su, 1, 4",##,evaṃ hi śāstrāṇi bahūny adhītya cārtheṣu mūḍhāḥ kharavad vahanti ||,##,4,##,3,$$$
"Su, 1, 4",##,tasmāt saviṃśam adhyāyaśatam anupadapādaślokam anuvarṇayitavyam anuśrotavyaṃ ca kasmāt sūkṣmā hi dravyarasaguṇavīryavipākadoṣadhātumalāśayamarmasirāsnāyusaṃdhyasthigarbhasambhavadravyasamūhavibhāgās tathā pranaṣṭaśalyoddharaṇavraṇaviniścayabhagnavikalpāḥ sādhyayāpyapratyākhyeyatā ca vikārāṇām evamādayaścānye sahasraśo viśeṣā ye vicintyamānā vimalavipulabuddher api buddhim ākulīkuryuḥ kiṃ punar alpabuddheḥ tasmād avaśyamanupadapādaślokam anuvarṇayitavyam anuśrotavyaṃ ca ||,##,5,##,1,$$$
"Su, 1, 4",##,anyaśāstropapannānāṃ cārthānāmihopanītānām arthavaśāt teṣāṃ tadvidyebhya eva vyākhyānam anuśrotavyaṃ kasmāt na hy ekasmin śāstre śakyaḥ sarvaśāstrāṇām avarodhaḥ kartum ||,##,6,##,1,$$$
"Su, 1, 4",##,bhavanti cātra |,##,7,##,1,$$$
"Su, 1, 4",##,ekaṃ śāstram adhīyāno na vidyāc chāstraniścayam |,##,7,##,2,$$$
"Su, 1, 4",##,tasmād bahuśrutaḥ śāstraṃ vijānīyāccikitsakaḥ ||,##,7,##,3,$$$
"Su, 1, 4",##,śāstraṃ gurumukhodgīrṇam ādāyopāsya cāsakṛt |,##,8,##,1,$$$
"Su, 1, 4",##,yaḥ karma kurute vaidyaḥ sa vaidyo 'nye tu taskarāḥ ||,##,8,##,2,$$$
"Su, 1, 4",##,aupadhenavamaurabhraṃ sauśrutaṃ pauṣkalāvatam |,##,9,##,1,$$$
"Su, 1, 4",##,śeṣāṇāṃ śalyatantrāṇāṃ mūlāny etāni nirdiśet ||,##,9,##,2,$$$
"Su, 1, 5",##,athāto 'gropaharaṇīyamadhyāyaṃ vyākhyāsyāmaḥ ||,##,1,##,1,$$$
"Su, 1, 5",##,yathovāca bhagavān dhanvantariḥ ||,##,2,##,1,$$$
"Su, 1, 5",##,trividhaṃ karma pūrvakarma pradhānakarma paścātkarmeti tadvyādhiṃ prati pratyupadekṣyāmaḥ ||,##,3,##,1,$$$
